Frame,L_Femur_L_Tibia,L_Tibia_L_Foot_X,L_Tibia_L_Foot_Y,L_Tibia_L_Foot_Z,R_Femur_R_Tibia,R_Tibia_R_Foot_X,R_Tibia_R_Foot_Y,R_Tibia_R_Foot_Z,Root_L_Femur_X,Root_L_Femur_Y,Root_L_Femur_Z,Root_R_Femur_X,Root_R_Femur_Y,Root_R_Femur_Z,World_Root_Ang_X,World_Root_Ang_Y,World_Root_Ang_Z,World_Root_Pos_X,World_Root_Pos_Y,World_Root_Pos_Z
1,19.35400,-14.90100,-27.57400,-42.08750,12.76930,-13.72750,23.54650,34.65770,-16.30450,11.75190,8.82696,-12.00190,-16.83880,-8.22512,154.85500,-76.38320,156.89900,-48.73210,874.30800,410.77400
2,19.36000,-14.89520,-27.57740,-42.08360,12.82640,-13.70420,23.74890,34.58590,-16.31730,11.77030,8.85420,-12.05950,-17.00170,-8.24707,154.88000,-76.37450,156.90700,-48.63380,874.31900,410.73700
3,19.35720,-14.89320,-27.57070,-42.06210,12.82060,-13.69480,23.69670,34.52350,-16.31300,11.77360,8.83928,-12.05790,-16.97720,-8.24609,154.90500,-76.37140,156.94300,-48.56130,874.31700,410.79600
4,19.37580,-14.88240,-27.54470,-42.03450,12.83680,-13.66590,23.67040,34.48760,-16.42410,11.77980,8.87174,-12.15590,-16.88510,-8.21793,154.64200,-76.30470,156.66400,-48.30070,874.34200,410.85300
5,19.35670,-14.87820,-27.46450,-42.01000,12.70360,-13.64900,23.32070,34.58540,-16.42810,11.72490,8.82808,-12.07610,-16.56100,-8.16766,154.55800,-76.29230,156.60100,-48.20890,874.37800,411.01500
6,19.36620,-14.88450,-27.49870,-42.03920,12.82690,-13.64870,23.65370,34.43370,-16.43930,11.76020,8.86240,-12.17940,-16.88020,-8.21774,154.58900,-76.29100,156.61500,-48.16190,874.35700,410.93700
7,19.36220,-14.88190,-27.46870,-42.03710,12.78930,-13.66420,23.54530,34.51870,-16.44810,11.73500,8.84120,-12.16370,-16.76380,-8.21067,154.53800,-76.28960,156.57600,-48.08630,874.35300,411.01800
8,19.36780,-14.86760,-27.46560,-42.03150,12.80800,-13.65260,23.58870,34.46630,-16.46790,11.73230,8.84412,-12.19710,-16.79780,-8.21741,154.50100,-76.28330,156.53700,-48.00510,874.35700,411.06500
9,19.35430,-14.84960,-27.41220,-41.99540,12.71300,-13.64730,23.37000,34.58210,-16.47310,11.68200,8.80976,-12.14210,-16.58870,-8.19130,154.43000,-76.28080,156.47900,-47.93600,874.38700,411.21600
10,19.36070,-14.84430,-27.41390,-41.99010,12.70740,-13.64630,23.33230,34.58230,-16.48930,11.67650,8.80814,-12.14780,-16.56110,-8.18743,154.39400,-76.27930,156.44300,-47.87900,874.38900,411.26600
11,19.36710,-14.84020,-27.40180,-41.98880,12.70960,-13.64190,23.31340,34.58230,-16.51180,11.67020,8.80622,-12.16700,-16.53390,-8.18622,154.33700,-76.27410,156.38600,-47.80590,874.38200,411.33000
12,19.37050,-14.83150,-27.40380,-41.97940,12.70580,-13.63970,23.30690,34.59390,-16.53220,11.66810,8.80102,-12.18370,-16.53060,-8.18955,154.27400,-76.27010,156.32500,-47.76400,874.38900,411.39300
13,19.36800,-14.82160,-27.41470,-41.97450,12.70430,-13.63530,23.30510,34.57390,-16.54280,11.66810,8.79345,-12.19780,-16.53380,-8.19718,154.23200,-76.26720,156.28800,-47.74560,874.38600,411.46300
14,19.37690,-14.80200,-27.46020,-41.94470,12.66650,-13.62400,23.29660,34.56310,-16.61290,11.64490,8.80496,-12.22240,-16.58310,-8.18326,153.93400,-76.29110,155.98300,-47.76400,874.40600,411.41800
15,19.37500,-14.79420,-27.47200,-41.92810,12.67180,-13.62020,23.31610,34.55460,-16.62360,11.65960,8.80076,-12.24100,-16.59870,-8.19546,153.90000,-76.28640,155.95300,-47.75780,874.40400,411.48900
16,19.37730,-14.78740,-27.48590,-41.91670,12.67470,-13.61370,23.32770,34.55680,-16.63990,11.66990,8.79578,-12.25990,-16.60460,-8.20513,153.84800,-76.28530,155.90500,-47.73120,874.41000,411.55800
17,19.37940,-14.79110,-27.51030,-41.93230,12.72320,-13.62840,23.42630,34.50780,-16.64700,11.67800,8.79154,-12.30540,-16.71550,-8.23617,153.81600,-76.29510,155.87600,-47.73580,874.39000,411.60400
18,19.37930,-14.78240,-27.51050,-41.90720,12.71400,-13.62490,23.40620,34.52520,-16.66060,11.67150,8.78133,-12.31320,-16.69500,-8.24159,153.74900,-76.30010,155.81300,-47.71720,874.38800,411.68600
19,19.37680,-14.78850,-27.48890,-41.92450,12.73520,-13.63080,23.40410,34.55450,-16.63420,11.68830,8.76134,-12.31780,-16.64640,-8.26323,153.89300,-76.27810,155.96800,-47.65190,874.37600,411.86400
20,19.38450,-14.77870,-27.49840,-41.92300,12.73140,-13.63040,23.40480,34.56160,-16.64590,11.67720,8.75435,-12.32190,-16.66090,-8.26962,153.84300,-76.29210,155.91900,-47.64190,874.37000,411.94200
21,19.38770,-14.77140,-27.47450,-41.91700,12.70190,-13.62340,23.32870,34.52230,-16.66640,11.64760,8.73763,-12.32010,-16.62810,-8.26508,153.74400,-76.29540,155.82300,-47.63090,874.39000,412.06800
22,19.39450,-14.75850,-27.49120,-41.89620,12.69060,-13.62590,23.32710,34.55200,-16.66400,11.64020,8.72624,-12.30810,-16.63460,-8.27446,153.74300,-76.31150,155.82500,-47.65200,874.38700,412.15100
23,19.41000,-14.76810,-27.51830,-41.90690,12.75200,-13.62510,23.49780,34.44920,-16.67260,11.64630,8.73331,-12.35940,-16.82220,-8.30739,153.72800,-76.32740,155.80500,-47.68310,874.37500,412.16300
24,19.40890,-14.75120,-27.51500,-41.89150,12.73710,-13.61490,23.48080,34.37970,-16.67150,11.63190,8.70928,-12.36000,-16.85260,-8.31919,153.68500,-76.33820,155.77300,-47.73100,874.37700,412.27200
25,19.41290,-14.74800,-27.52620,-41.88100,12.73700,-13.60800,23.51850,34.35210,-16.67720,11.62980,8.70048,-12.37040,-16.89860,-8.33279,153.65200,-76.34750,155.74200,-47.75010,874.38300,412.34000
26,19.40820,-14.73100,-27.52890,-41.87430,12.73410,-13.59960,23.56130,34.34050,-16.67900,11.62390,8.68800,-12.38330,-16.94580,-8.34849,153.61400,-76.35250,155.70800,-47.78870,874.38200,412.41400
27,19.40510,-14.72700,-27.54280,-41.88120,12.70420,-13.60530,23.52020,34.41680,-16.68860,11.61590,8.67139,-12.37640,-16.91010,-8.35246,153.53800,-76.35820,155.64100,-47.81840,874.37800,412.49700
28,19.40350,-14.71870,-27.56490,-41.87860,12.68850,-13.60000,23.54100,34.43020,-16.70770,11.62820,8.66734,-12.38990,-16.93900,-8.35925,153.45500,-76.35700,155.55900,-47.85090,874.38100,412.56600
29,19.40720,-14.71470,-27.58120,-41.86990,12.66960,-13.59750,23.58440,34.44790,-16.71980,11.64120,8.66423,-12.39470,-16.98670,-8.36905,153.39900,-76.36030,155.50500,-47.90580,874.38400,412.61900
30,19.41100,-14.70890,-27.60590,-41.87250,12.64510,-13.59640,23.64100,34.47700,-16.74080,11.65880,8.67094,-12.40250,-17.03260,-8.37515,153.32800,-76.35630,155.42900,-47.94720,874.39000,412.66100
31,19.40080,-14.71290,-27.66300,-41.87640,12.62810,-13.60020,23.85120,34.47200,-16.68520,11.67360,8.66571,-12.36390,-17.28900,-8.41657,153.42300,-76.41450,155.52300,-48.17640,874.38200,412.62000
32,19.39580,-14.70990,-27.68280,-41.88750,12.60040,-13.59950,23.89910,34.49310,-16.69220,11.68220,8.65771,-12.36640,-17.34980,-8.43054,153.36500,-76.41800,155.47000,-48.23660,874.39000,412.67200
33,19.33150,-14.68920,-27.53510,-41.93910,12.46030,-13.55430,23.64200,34.56900,-16.75690,11.51150,8.61877,-12.36840,-17.12530,-8.36958,152.89100,-76.39120,154.99800,-48.16860,874.46600,412.75700
34,19.37800,-14.68090,-27.64640,-41.85950,12.43080,-13.55240,23.65350,34.58790,-16.79450,11.61530,8.64389,-12.35140,-17.14670,-8.36981,152.87600,-76.39460,154.98100,-48.24440,874.46500,412.79300
35,19.37230,-14.68150,-27.66430,-41.85100,12.41410,-13.55740,23.66950,34.60340,-16.78300,11.61720,8.63842,-12.33580,-17.17450,-8.37728,152.87600,-76.40440,154.98300,-48.32310,874.46700,412.81700
36,19.36540,-14.69010,-27.64820,-41.88340,12.44200,-13.56310,23.71080,34.62580,-16.73140,11.64500,8.61855,-12.33160,-17.15940,-8.40617,153.09700,-76.37910,155.21500,-48.33820,874.45700,412.95900
37,19.37750,-14.69460,-27.65700,-41.87520,12.44450,-13.56500,23.72100,34.63130,-16.74280,11.64660,8.61534,-12.34250,-17.16710,-8.41361,153.05700,-76.37830,155.17700,-48.38810,874.45100,412.99700
38,19.39350,-14.71200,-27.69250,-41.89520,12.52490,-13.55960,23.87790,34.47490,-16.74410,11.66790,8.62447,-12.40110,-17.35010,-8.44486,153.07400,-76.38470,155.19200,-48.46300,874.42600,412.98700
39,19.40940,-14.70990,-27.70260,-41.88820,12.53680,-13.56620,23.89050,34.51170,-16.75760,11.66500,8.62531,-12.41150,-17.33910,-8.45230,153.04500,-76.38360,155.16100,-48.50810,874.42500,413.01600
40,19.42190,-14.71230,-27.72180,-41.87380,12.55130,-13.56880,23.88930,34.50690,-16.75900,11.67420,8.62856,-12.41050,-17.33230,-8.45424,153.05600,-76.38580,155.17000,-48.57830,874.41800,413.03500
41,19.43590,-14.70930,-27.72850,-41.85970,12.57580,-13.56230,23.87740,34.44110,-16.77200,11.67930,8.62330,-12.43180,-17.33680,-8.46059,153.02100,-76.38280,155.13900,-48.62910,874.41200,413.08000
42,19.43570,-14.70700,-27.71730,-41.85350,12.50280,-13.58420,23.63400,34.61170,-16.76700,11.66100,8.59962,-12.36140,-17.08540,-8.43180,153.00200,-76.38220,155.13300,-48.68380,874.41800,413.17100
43,19.43500,-14.71100,-27.76310,-41.85310,12.48260,-13.62640,23.64900,34.73750,-16.68990,11.66010,8.58277,-12.27060,-17.12860,-8.45148,153.17200,-76.44970,155.31000,-48.91710,874.38500,413.11200
44,19.44900,-14.72770,-27.80410,-41.87850,12.55460,-13.64160,23.76100,34.68690,-16.68400,11.68610,8.59558,-12.30560,-17.24610,-8.47490,153.22000,-76.45850,155.35200,-48.99150,874.35400,413.06700
45,19.45710,-14.73870,-27.80890,-41.89050,12.58160,-13.64390,23.81690,34.66020,-16.68270,11.68980,8.59224,-12.32360,-17.30450,-8.49239,153.21400,-76.46620,155.34700,-49.05890,874.35100,413.09000
46,19.46180,-14.73780,-27.82280,-41.89770,12.58410,-13.65390,23.76460,34.68700,-16.68060,11.69270,8.58668,-12.31370,-17.25230,-8.49194,153.20800,-76.47080,155.34500,-49.12080,874.34100,413.11600
47,19.46760,-14.73330,-27.82830,-41.87290,12.52940,-13.66070,23.61090,34.80040,-16.68680,11.69420,8.57586,-12.26750,-17.09330,-8.47106,153.17500,-76.47100,155.31900,-49.17070,874.34700,413.17800
48,19.47490,-14.74130,-27.84400,-41.89880,12.61300,-13.66600,23.73080,34.70000,-16.68100,11.72370,8.59188,-12.31740,-17.21150,-8.49242,153.24100,-76.46440,155.37800,-49.19670,874.32900,413.15000
49,19.48390,-14.74530,-27.84430,-41.90180,12.63130,-13.63940,23.69450,34.61710,-16.74270,11.73050,8.60289,-12.37820,-17.17020,-8.47932,153.05900,-76.43020,155.19200,-49.15660,874.34300,413.18800
50,19.47800,-14.74560,-27.85570,-41.90860,12.64290,-13.62880,23.73010,34.56280,-16.73370,11.73290,8.60480,-12.38330,-17.21160,-8.48424,153.06600,-76.43180,155.19600,-49.22270,874.35200,413.17300
51,19.47810,-14.74700,-27.86870,-41.90010,12.64110,-13.63730,23.73200,34.62080,-16.73170,11.74750,8.60839,-12.37650,-17.18730,-8.48548,153.06700,-76.42800,155.19600,-49.28840,874.35100,413.16100
52,19.47890,-14.75020,-27.88020,-41.89740,12.64720,-13.64210,23.75540,34.62590,-16.72590,11.75900,8.61005,-12.37670,-17.20550,-8.48946,153.07900,-76.42640,155.20800,-49.35590,874.35300,413.14200
53,19.48400,-14.76180,-27.88020,-41.92080,12.62450,-13.65140,23.67440,34.64210,-16.71480,11.75720,8.60286,-12.34590,-17.14290,-8.47765,153.10600,-76.42490,155.24000,-49.43480,874.34100,413.15100
54,19.49190,-14.75930,-27.88230,-41.92490,12.63730,-13.65190,23.74340,34.66060,-16.72220,11.76000,8.61474,-12.36000,-17.18770,-8.48160,153.10400,-76.41620,155.23000,-49.47430,874.34200,413.11200
55,19.49940,-14.75750,-27.87750,-41.91340,12.63290,-13.65160,23.72910,34.62690,-16.71950,11.75020,8.60752,-12.35540,-17.19310,-8.48247,153.10800,-76.41470,155.24000,-49.53710,874.33500,413.11200
56,19.50150,-14.76630,-27.87280,-41.93620,12.63930,-13.65380,23.75420,34.61670,-16.72040,11.73850,8.60682,-12.36450,-17.21750,-8.48629,153.09700,-76.40880,155.23000,-49.58520,874.32900,413.09200
57,19.50380,-14.76690,-27.86620,-41.93620,12.64740,-13.66220,23.78830,34.65820,-16.72130,11.73710,8.61065,-12.37140,-17.22440,-8.49107,153.09300,-76.40160,155.22300,-49.63050,874.32900,413.06500
58,19.49320,-14.77380,-27.87050,-41.94690,12.65500,-13.66960,23.81250,34.66370,-16.71340,11.73270,8.60373,-12.38310,-17.24160,-8.49962,153.08200,-76.39310,155.21800,-49.69010,874.33000,413.05500
59,19.48120,-14.78130,-27.87010,-41.94860,12.67020,-13.66920,23.84390,34.64020,-16.69490,11.73750,8.60096,-12.38690,-17.27040,-8.50733,153.11200,-76.39140,155.24900,-49.75170,874.33000,413.02500
60,19.47330,-14.79060,-27.86430,-41.95940,12.68240,-13.66750,23.86450,34.62130,-16.69710,11.73800,8.60189,-12.40670,-17.28680,-8.50902,153.07900,-76.37820,155.21800,-49.79000,874.32800,412.99800
61,19.46740,-14.79300,-27.86350,-41.97470,12.69140,-13.66980,23.87940,34.60610,-16.68590,11.74020,8.60062,-12.40800,-17.30550,-8.51352,153.08900,-76.37900,155.22900,-49.84390,874.32700,412.96300
62,19.45290,-14.77860,-27.83490,-41.95700,12.57880,-13.68280,23.58600,34.81290,-16.68810,11.72520,8.58173,-12.32260,-16.99420,-8.46419,153.04000,-76.36470,155.19100,-49.85330,874.34900,413.02300
63,19.45400,-14.78410,-27.83390,-41.96950,12.57810,-13.69260,23.54930,34.84490,-16.68940,11.73810,8.58860,-12.31560,-16.96210,-8.45580,153.04100,-76.35940,155.19200,-49.88130,874.34800,412.98100
64,19.46360,-14.78760,-27.84440,-41.96580,12.58140,-13.69530,23.54850,34.85770,-16.70210,11.75270,8.59976,-12.32080,-16.95390,-8.44936,153.02300,-76.35180,155.17100,-49.90040,874.34200,412.93900
65,19.47410,-14.78820,-27.85460,-41.95990,12.58710,-13.69560,23.54160,34.87730,-16.71140,11.75980,8.60683,-12.32410,-16.94740,-8.44649,153.01700,-76.34800,155.16500,-49.91310,874.33800,412.89900
66,19.48710,-14.79210,-27.85170,-41.96010,12.59700,-13.69740,23.55830,34.86150,-16.71960,11.75690,8.61321,-12.33290,-16.97730,-8.44543,153.01400,-76.34460,155.15900,-49.92660,874.32900,412.85900
67,19.50800,-14.79910,-27.86020,-41.94750,12.58880,-13.69610,23.56730,34.90700,-16.73230,11.75840,8.62242,-12.32830,-16.96400,-8.44028,153.00600,-76.34430,155.14800,-49.94750,874.31900,412.81700
68,19.52540,-14.79890,-27.85560,-41.94240,12.61340,-13.70820,23.55160,34.89350,-16.74280,11.74950,8.63006,-12.33720,-16.96990,-8.43461,153.00200,-76.34260,155.14000,-49.95090,874.30400,412.77200
69,19.54210,-14.80390,-27.84520,-41.95500,12.61110,-13.70620,23.56360,34.92720,-16.75050,11.73970,8.63971,-12.33450,-16.96110,-8.42757,153.00600,-76.34220,155.13800,-49.96250,874.29200,412.72900
70,19.55420,-14.80280,-27.83610,-41.95920,12.61980,-13.70980,23.56660,34.93310,-16.75860,11.72350,8.64518,-12.33890,-16.96790,-8.42246,152.99000,-76.34340,155.11900,-49.97130,874.28600,412.68100
71,19.56310,-14.80920,-27.83070,-41.96470,12.62400,-13.71380,23.55720,34.93850,-16.76170,11.71590,8.65256,-12.33490,-16.96700,-8.41443,152.99600,-76.34440,155.11900,-49.98350,874.27300,412.63600
72,19.57880,-14.83020,-27.85910,-41.99360,12.69580,-13.71370,23.72280,34.83530,-16.77030,11.73080,8.67552,-12.38850,-17.14300,-8.43269,153.00800,-76.34610,155.12100,-50.00130,874.25500,412.53200
73,19.57460,-14.82700,-27.82450,-41.99560,12.62740,-13.71670,23.56500,34.93590,-16.77160,11.69720,8.66402,-12.33750,-16.98040,-8.40142,152.97300,-76.34130,155.09000,-50.00310,874.26900,412.54600
74,19.57720,-14.82860,-27.81550,-41.99310,12.62000,-13.71300,23.55230,34.95320,-16.77300,11.69130,8.67194,-12.32860,-16.96700,-8.38897,152.97400,-76.33750,155.08500,-50.01610,874.26400,412.48800
75,19.58270,-14.83730,-27.80910,-42.00550,12.61630,-13.72320,23.54080,34.96150,-16.78010,11.68600,8.67879,-12.32820,-16.95230,-8.37838,152.96300,-76.32970,155.07100,-50.01720,874.26100,412.43400
76,19.58630,-14.84110,-27.80010,-42.02830,12.61380,-13.72160,23.54040,34.98830,-16.78240,11.67780,8.68686,-12.32460,-16.94090,-8.36740,152.96400,-76.32300,155.06800,-50.02320,874.25300,412.37900
77,19.60390,-14.85680,-27.82600,-42.04730,12.69190,-13.73400,23.67050,34.84430,-16.79030,11.69940,8.71151,-12.37380,-17.10980,-8.38068,152.99000,-76.32410,155.08400,-50.04100,874.22900,412.25800
78,19.62260,-14.85140,-27.82140,-42.03850,12.68090,-13.72760,23.68280,34.87040,-16.80270,11.69400,8.72318,-12.36800,-17.10000,-8.37122,152.98600,-76.32260,155.07500,-50.03780,874.21700,412.20300
79,19.57820,-14.87120,-27.69080,-42.13330,12.67830,-13.73280,23.66870,34.92560,-16.76560,11.56080,8.69805,-12.36320,-17.08320,-8.36086,152.96600,-76.32350,155.05300,-50.03040,874.21500,412.14000
80,19.65260,-14.85880,-27.77380,-42.04250,12.68320,-13.73410,23.60210,34.85370,-16.82060,11.63870,8.73430,-12.35440,-17.07960,-8.33843,152.95500,-76.32930,155.03500,-50.03320,874.19300,412.09100
81,19.67460,-14.85600,-27.77710,-42.03620,12.69140,-13.73120,23.65520,34.86190,-16.83310,11.63200,8.75874,-12.35210,-17.11390,-8.32770,152.96100,-76.33430,155.02400,-50.03530,874.18000,412.00700
82,19.69360,-14.85280,-27.76130,-42.00350,12.68800,-13.73350,23.62660,34.84270,-16.84230,11.60920,8.76200,-12.34310,-17.11360,-8.31559,152.94700,-76.34360,155.00800,-50.04240,874.17300,411.95500
83,19.70910,-14.86380,-27.73740,-42.01200,12.68690,-13.72970,23.62010,34.82140,-16.84960,11.57770,8.77606,-12.33150,-17.12370,-8.29771,152.93400,-76.35670,154.98200,-50.03370,874.15700,411.87800
84,19.71750,-14.84580,-27.69190,-41.98370,12.60370,-13.71760,23.45530,34.93760,-16.86090,11.52860,8.76757,-12.27100,-16.95400,-8.25952,152.87600,-76.36070,154.92400,-50.02270,874.18000,411.88500
85,19.72860,-14.84760,-27.69560,-41.96020,12.63700,-13.71420,23.56390,34.89640,-16.85440,11.53040,8.79299,-12.27620,-17.06600,-8.26059,152.92100,-76.38070,154.95100,-50.04110,874.15700,411.75400
86,19.73060,-14.83550,-27.67830,-41.93720,12.57580,-13.70830,23.42030,34.94200,-16.86480,11.51130,8.79289,-12.22530,-16.94880,-8.22695,152.87500,-76.38890,154.90200,-50.03080,874.18000,411.75000
87,19.73490,-14.83870,-27.69220,-41.94220,12.55170,-13.70030,23.43840,34.97490,-16.87720,11.52000,8.81242,-12.21060,-16.96910,-8.21208,152.84500,-76.40070,154.86000,-50.02470,874.18400,411.68000
88,19.74910,-14.84230,-27.73670,-41.94270,12.58750,-13.70060,23.53590,34.92650,-16.90460,11.54760,8.83922,-12.24290,-17.10040,-8.21688,152.77800,-76.41840,154.78100,-50.01190,874.15400,411.56900
89,19.75380,-14.84100,-27.75110,-41.93300,12.53790,-13.68860,23.50130,34.93380,-16.94560,11.56510,8.85534,-12.23620,-17.09840,-8.19595,152.64800,-76.42420,154.64300,-49.97740,874.17300,411.55200
90,19.77630,-14.84350,-27.78910,-41.92050,12.52700,-13.66560,23.52780,34.91560,-17.00710,11.59430,8.89190,-12.25700,-17.16260,-8.17614,152.48800,-76.43500,154.46400,-49.91820,874.16800,411.47400
91,19.80860,-14.86290,-27.82190,-41.91240,12.52230,-13.65690,23.59220,34.88880,-17.07720,11.62690,8.93136,-12.28650,-17.26200,-8.16173,152.31600,-76.44750,154.27200,-49.87200,874.15000,411.39800
92,19.84270,-14.87870,-27.84090,-41.91170,12.51870,-13.63830,23.63700,34.87160,-17.16370,11.63160,8.96269,-12.33200,-17.34510,-8.14578,152.07700,-76.45740,154.01500,-49.77670,874.14500,411.32700
93,19.88360,-14.90550,-27.84930,-41.90810,12.52040,-13.62470,23.71870,34.86730,-17.24820,11.62720,9.00620,-12.37230,-17.44370,-8.12771,151.86200,-76.47020,153.77200,-49.69620,874.12100,411.25200
94,19.93370,-14.93230,-27.83660,-41.91050,12.52600,-13.62010,23.76880,34.86190,-17.32820,11.60440,9.03093,-12.41420,-17.52130,-8.11746,151.66000,-76.48440,153.55400,-49.59890,874.11000,411.18200
95,19.97990,-14.94370,-27.84550,-41.88210,12.47970,-13.60930,23.77820,34.82600,-17.41700,11.52100,9.06068,-12.41670,-17.65220,-8.08088,151.28600,-76.55140,153.15600,-49.61150,874.08300,410.98900
96,20.01900,-14.98340,-27.78470,-41.88230,12.48420,-13.60790,23.81870,34.81820,-17.45200,11.45670,9.07589,-12.42750,-17.72510,-8.07048,151.17200,-76.57920,153.02700,-49.56460,874.06300,410.89600
97,20.06670,-15.04680,-27.71330,-41.89810,12.49010,-13.61840,23.85720,34.86750,-17.48730,11.39730,9.10201,-12.43220,-17.76530,-8.05349,151.08900,-76.60010,152.92300,-49.49900,874.04900,410.78100
98,20.12720,-15.11000,-27.64600,-41.86880,12.49060,-13.61820,23.86590,34.86240,-17.51410,11.34720,9.13337,-12.41630,-17.80650,-8.02979,151.05200,-76.62880,152.86200,-49.46720,874.01400,410.65600
99,20.20000,-15.20670,-27.51770,-41.87380,12.48840,-13.62970,23.86500,34.91170,-17.54980,11.28760,9.15966,-12.40530,-17.82080,-8.00805,150.99600,-76.64950,152.78800,-49.43010,873.99400,410.52300
100,20.27050,-15.30940,-27.34940,-41.87690,12.53200,-13.63030,23.87980,34.92440,-17.55020,11.26980,9.18584,-12.40800,-17.76390,-7.99606,151.18900,-76.62100,152.96500,-49.31630,873.95000,410.51800
101,20.35340,-15.41850,-27.13700,-41.90610,12.54060,-13.64380,23.89250,34.96320,-17.58790,11.22190,9.21716,-12.40360,-17.77230,-7.97243,151.14900,-76.63280,152.90600,-49.28610,873.92000,410.36300
102,20.42570,-15.53950,-26.90480,-41.90850,12.55680,-13.64920,23.88420,34.92720,-17.60970,11.18760,9.24786,-12.39910,-17.77900,-7.94710,151.15400,-76.63500,152.89500,-49.28830,873.87900,410.21900
103,20.49840,-15.70730,-26.85520,-41.95550,12.66440,-13.64610,24.13010,34.74180,-17.62710,11.18410,9.30630,-12.46240,-18.02880,-7.95723,151.19800,-76.64200,152.91000,-49.29720,873.83300,409.98400
104,20.56200,-15.85790,-26.86490,-41.96730,12.68170,-13.65190,24.14270,34.70390,-17.64410,11.16610,9.33731,-12.45900,-18.02650,-7.94066,151.20800,-76.64360,152.90700,-49.32380,873.81200,409.83500
105,20.62050,-15.99940,-26.80720,-41.94750,12.62330,-13.66740,23.93100,34.82360,-17.66200,11.08980,9.34340,-12.39740,-17.80180,-7.88698,151.16800,-76.63960,152.86200,-49.31740,873.78600,409.75100
106,20.70630,-16.13020,-26.86560,-41.88090,12.53880,-13.72820,23.98460,34.97760,-17.65060,10.96660,9.37239,-12.26070,-17.99990,-7.85924,151.02000,-76.79730,152.69100,-49.65030,873.74100,409.26900
107,20.76980,-16.26150,-26.80320,-41.86950,12.56980,-13.73170,24.02430,34.95830,-17.65490,10.84600,9.37971,-12.26570,-18.02970,-7.85203,151.02600,-76.80470,152.68500,-49.67850,873.71400,409.13400
108,20.83090,-16.38170,-26.66780,-41.89520,12.69610,-13.70570,24.03620,34.84140,-17.71900,10.76890,9.37099,-12.42460,-17.88420,-7.86260,151.04600,-76.66560,152.71000,-49.40710,873.71500,409.32500
109,20.89510,-16.50990,-26.65420,-41.89340,12.80810,-13.71830,24.23360,34.67090,-17.72410,10.64310,9.37299,-12.49280,-18.10560,-7.89510,151.02600,-76.68220,152.68200,-49.47870,873.68100,409.16100
110,20.94630,-16.62100,-26.58010,-41.86590,12.77730,-13.72390,24.14280,34.73300,-17.72140,10.48040,9.34313,-12.46080,-17.99950,-7.87908,150.98300,-76.68860,152.64200,-49.54730,873.67900,409.10700
111,21.00450,-16.72460,-26.54060,-41.85890,12.86590,-13.74600,24.31740,34.65890,-17.70940,10.35220,9.33801,-12.50620,-18.16640,-7.90697,151.00900,-76.69740,152.66100,-49.68150,873.65000,408.94500
112,21.06110,-16.80650,-26.48220,-41.83910,12.89840,-13.75000,24.35710,34.62500,-17.70090,10.22990,9.32236,-12.51330,-18.18330,-7.91161,151.02700,-76.69670,152.67800,-49.80320,873.63600,408.84300
113,21.11530,-16.85560,-26.40840,-41.77200,12.85920,-13.76930,24.23270,34.75920,-17.69420,10.10790,9.30154,-12.46270,-18.01360,-7.88596,151.04300,-76.68580,152.69400,-49.93770,873.64100,408.78600
114,21.16580,-16.90640,-26.38240,-41.72910,12.86550,-13.81310,24.26430,34.85350,-17.62120,10.02380,9.28673,-12.38060,-18.04320,-7.89308,151.26300,-76.72800,152.91400,-50.22460,873.59900,408.61600
115,21.25350,-16.94280,-26.33410,-41.70620,12.94540,-13.81830,24.27710,34.78000,-17.69810,9.95114,9.30742,-12.46090,-18.01690,-7.87507,151.15300,-76.67460,152.78800,-50.26310,873.56500,408.52100
116,21.32350,-16.94280,-26.29130,-41.68410,12.97570,-13.83960,24.28230,34.76530,-17.70950,9.85892,9.30722,-12.45620,-18.01370,-7.86629,151.18100,-76.66890,152.80700,-50.44510,873.52600,408.42300
117,21.40900,-16.92090,-26.25410,-41.65470,13.01340,-13.86240,24.31080,34.77110,-17.73760,9.76459,9.30995,-12.46300,-18.02850,-7.85859,151.18700,-76.66070,152.79900,-50.62530,873.47600,408.33300
118,21.49100,-16.89040,-26.19260,-41.60080,13.00130,-13.86660,24.24900,34.81610,-17.77620,9.65738,9.30591,-12.44260,-17.94220,-7.83027,151.14400,-76.64870,152.74100,-50.80440,873.44500,408.31200
119,21.58530,-16.84450,-26.13060,-41.58840,13.04170,-13.88880,24.22090,34.78240,-17.82860,9.55145,9.30700,-12.46170,-17.92910,-7.81296,151.06900,-76.63770,152.65000,-50.99250,873.38100,408.28200
120,21.69310,-16.79890,-26.09710,-41.56380,13.17140,-13.90630,24.50150,34.64810,-17.88240,9.47863,9.34076,-12.54620,-18.18740,-7.84000,151.04600,-76.63580,152.59200,-51.19850,873.29600,408.16500
121,21.79750,-16.73860,-26.02160,-41.55030,13.19410,-13.93670,24.44900,34.65400,-17.93160,9.38548,9.34195,-12.54150,-18.14460,-7.82210,150.99200,-76.63410,152.52300,-51.41550,873.22600,408.15600
122,21.90520,-16.68350,-25.95240,-41.53030,13.25150,-13.94740,24.54730,34.57430,-17.99020,9.30183,9.36365,-12.57360,-18.23940,-7.81831,150.94300,-76.62590,152.44400,-51.63810,873.16500,408.12200
123,22.00110,-16.62320,-25.86670,-41.49550,13.18390,-13.96800,24.35960,34.73830,-18.04880,9.20978,9.36368,-12.51290,-18.02940,-7.76694,150.86000,-76.61050,152.34400,-51.85790,873.12300,408.17700
124,22.11190,-16.57850,-25.81710,-41.47580,13.19850,-13.98860,24.37400,34.75620,-18.09520,9.15277,9.38969,-12.49370,-18.04760,-7.74721,150.87300,-76.60610,152.32700,-52.12230,873.05400,408.16100
125,22.22040,-16.55010,-25.76720,-41.48000,13.20560,-14.00060,24.39370,34.72700,-18.15830,9.07995,9.41943,-12.48930,-18.08630,-7.72024,150.80900,-76.59720,152.22600,-52.36650,872.99200,408.15200
126,22.34340,-16.52480,-25.72800,-41.46690,13.20360,-14.00690,24.43870,34.72580,-18.23970,9.01781,9.44971,-12.49210,-18.13140,-7.69603,150.69500,-76.58650,152.07600,-52.61900,872.93700,408.17500
127,22.47670,-16.53680,-25.74220,-41.45880,13.18980,-14.04060,24.53260,34.77020,-18.24170,8.97228,9.48046,-12.40570,-18.25730,-7.68595,150.82800,-76.63410,152.17100,-53.03600,872.84700,408.15000
128,22.64840,-16.55370,-25.70010,-41.43310,13.19380,-14.05330,24.59240,34.76510,-18.32370,8.89242,9.52252,-12.38900,-18.32050,-7.65417,150.77800,-76.63680,152.07100,-53.30180,872.76000,408.19000
129,22.84390,-16.57550,-25.66360,-41.39320,13.19500,-14.06280,24.65520,34.81110,-18.40950,8.81437,9.57078,-12.35660,-18.36400,-7.61924,150.77800,-76.64340,152.01500,-53.58360,872.65800,408.24900
130,23.05800,-16.58400,-25.63960,-41.36700,13.21200,-14.08470,24.72320,34.83680,-18.52440,8.73532,9.62427,-12.34420,-18.43500,-7.58772,150.73500,-76.64700,151.91200,-53.85650,872.53800,408.33400
131,23.27380,-16.59440,-25.63160,-41.33640,13.23030,-14.11260,24.86720,34.84190,-18.65630,8.62833,9.68153,-12.34870,-18.58920,-7.56362,150.58100,-76.66370,151.69000,-54.19380,872.41600,408.41100
132,23.50060,-16.62800,-25.61020,-41.36780,13.29200,-14.11870,24.92260,34.80080,-18.82220,8.53276,9.73938,-12.39960,-18.62650,-7.52697,150.41900,-76.63270,151.46000,-54.36750,872.28600,408.60800
133,23.72610,-16.66770,-25.60120,-41.34680,13.32500,-14.13050,25.02220,34.76490,-18.92710,8.42577,9.78046,-12.38970,-18.74620,-7.51168,150.37100,-76.65630,151.35000,-54.69870,872.15700,408.78100
134,23.95680,-16.73780,-25.58980,-41.33580,13.35380,-14.15390,25.12360,34.78640,-19.01410,8.31389,9.81977,-12.35910,-18.86280,-7.49317,150.36700,-76.68950,151.27800,-55.07230,872.01600,408.97100
135,24.19350,-16.81660,-25.57070,-41.31890,13.38690,-14.17270,25.19120,34.76640,-19.11310,8.19975,9.85550,-12.34240,-18.93870,-7.47281,150.32700,-76.71060,151.17100,-55.43080,871.89500,409.21900
136,24.44210,-16.92230,-25.48870,-41.32890,13.45220,-14.20330,25.31970,34.73270,-19.17670,8.02615,9.87873,-12.31830,-19.07170,-7.46553,150.36900,-76.75330,151.14300,-55.83660,871.72900,409.46000
137,24.71850,-17.04260,-25.48230,-41.31630,13.47690,-14.22370,25.34370,34.69880,-19.27210,7.93054,9.92115,-12.26200,-19.12080,-7.43155,150.39400,-76.79800,151.09100,-56.24940,871.56800,409.77800
138,25.01360,-17.16240,-25.46440,-41.28470,13.46020,-14.27510,25.35040,34.82700,-19.32330,7.77791,9.94838,-12.12770,-19.12770,-7.40074,150.55200,-76.88030,151.17000,-56.76090,871.37700,410.11800
139,25.36650,-17.30820,-25.44270,-41.29040,13.57530,-14.31320,25.54730,34.75700,-19.46730,7.63744,10.00480,-12.14440,-19.32880,-7.39691,150.55300,-76.92150,151.07500,-57.16460,871.15100,410.48900
140,25.71890,-17.40770,-25.29410,-41.26770,13.63110,-14.35410,25.64440,34.77950,-19.60830,7.43398,10.03370,-12.12470,-19.42750,-7.38386,150.52500,-76.96830,150.95500,-57.56340,870.92800,410.98800
141,26.06060,-17.53190,-25.40990,-41.27230,13.59320,-14.38410,25.47650,34.88650,-19.82830,7.34194,10.08410,-12.07160,-19.27360,-7.31307,150.31800,-76.99110,150.65100,-57.90920,870.72000,411.62700
142,26.40220,-17.67050,-25.51020,-41.24490,13.66370,-14.43120,25.68070,34.87070,-19.94550,7.27584,10.12310,-12.02960,-19.53790,-7.34215,150.36700,-77.08650,150.61400,-58.48520,870.47300,412.19200
143,26.68120,-17.84970,-25.47450,-41.37880,13.62380,-14.44430,25.61790,34.96350,-20.05920,7.09458,10.13070,-11.94970,-19.50650,-7.30244,150.27000,-77.14200,150.42000,-58.91810,870.27300,412.94700
144,26.99740,-18.01940,-25.58690,-41.36320,13.65170,-14.47480,25.72420,35.01050,-20.19470,7.08412,10.16830,-11.91340,-19.63710,-7.31930,150.22500,-77.20430,150.28500,-59.45200,870.07300,413.75900
145,27.26980,-18.23170,-25.63100,-41.49150,13.70110,-14.48300,25.92580,34.94510,-20.31690,6.97098,10.19030,-11.92000,-19.91390,-7.34328,150.00700,-77.28040,149.96600,-60.04450,869.85700,414.53900
146,27.56560,-18.42500,-25.57400,-41.56930,13.75170,-14.44420,26.05010,34.82640,-20.47690,6.84407,10.19100,-11.97620,-20.06150,-7.36777,149.78100,-77.29190,149.64800,-60.49830,869.69800,415.57000
147,27.86180,-18.61130,-25.55820,-41.60820,13.66790,-14.44850,25.83160,34.99910,-20.62710,6.77756,10.18030,-11.89030,-19.90090,-7.34076,149.55400,-77.34000,149.34100,-61.07980,869.51100,416.72200
148,28.16090,-18.75390,-25.46080,-41.62460,13.67640,-14.43510,25.82710,35.04530,-20.77330,6.61552,10.14410,-11.89180,-19.96210,-7.37458,149.30200,-77.38880,149.01000,-61.67690,869.32700,417.92100
149,28.45630,-18.87860,-25.48700,-41.66960,13.77740,-14.43990,26.09420,34.94030,-20.88080,6.53469,10.11970,-11.92410,-20.34220,-7.48298,149.20900,-77.48200,148.84000,-62.42590,869.09200,419.15100
150,28.72980,-19.00260,-25.47610,-41.70560,13.75150,-14.44410,25.89370,34.99140,-21.02530,6.44373,10.06710,-11.88610,-20.23860,-7.51265,148.96600,-77.52890,148.53000,-63.08240,868.91400,420.64000
151,29.00400,-19.12350,-25.51080,-41.70910,13.78420,-14.42370,25.94810,35.02890,-21.15750,6.39524,10.03240,-11.90330,-20.32010,-7.59831,148.79300,-77.57530,148.28500,-63.77580,868.74500,422.17700
152,29.27160,-19.22260,-25.51410,-41.67850,13.82980,-14.35890,25.88880,34.95230,-21.34380,6.36533,10.00250,-11.98250,-20.28390,-7.66326,148.46900,-77.56940,147.88700,-64.34280,868.59700,423.88100
153,29.53150,-19.30510,-25.43040,-41.60310,13.83570,-14.32410,25.91210,34.91280,-21.39730,6.30874,9.92817,-11.94280,-20.38460,-7.78150,148.43400,-77.65640,147.80000,-65.21750,868.42700,425.64400
154,29.76790,-19.40140,-25.45070,-41.56830,13.95010,-14.25830,26.13780,34.75110,-21.47360,6.27802,9.87864,-12.01140,-20.62490,-7.93796,148.38300,-77.70870,147.68100,-66.01080,868.27800,427.46300
155,29.99220,-19.45320,-25.46770,-41.51330,13.98700,-14.15470,26.14410,34.61480,-21.60460,6.22302,9.80542,-12.07970,-20.64760,-8.05645,148.13700,-77.72380,147.37400,-66.71860,868.17700,429.49800
156,30.18440,-19.52300,-25.59320,-41.47660,13.98080,-14.08020,26.03330,34.64270,-21.67790,6.16598,9.69141,-12.06660,-20.57550,-8.18594,147.96200,-77.78940,147.15800,-67.56480,868.06500,431.62800
157,30.37020,-19.53230,-25.63160,-41.43220,13.93700,-13.97260,25.84680,34.69760,-21.76240,6.07044,9.56068,-12.03990,-20.41900,-8.30289,147.67700,-77.86150,146.82800,-68.38330,867.98100,433.91000
158,30.58340,-19.51820,-25.66650,-41.29480,14.02960,-13.84750,25.90570,34.51360,-21.86710,6.04154,9.45176,-12.13060,-20.53620,-8.48948,147.38000,-77.93460,146.48200,-69.22360,867.86500,436.25800
159,30.73850,-19.53920,-25.61730,-41.24290,14.01050,-13.70650,25.74650,34.51510,-21.94170,5.88121,9.29319,-12.13810,-20.40260,-8.62463,146.96500,-78.01210,146.01000,-70.04110,867.82800,438.73800
160,30.89430,-19.54350,-25.72160,-41.16540,13.98300,-13.55570,25.69160,34.54680,-21.97230,5.77264,9.14129,-12.09940,-20.37010,-8.80230,146.66600,-78.14970,145.66000,-71.00410,867.77300,441.29300
161,31.04210,-19.55750,-25.81740,-41.07680,14.06390,-13.37100,25.79370,34.37270,-22.03580,5.73208,9.02796,-12.16210,-20.50660,-8.99517,146.29300,-78.26410,145.20700,-71.88110,867.72800,443.89500
162,31.16340,-19.54540,-25.89150,-41.00270,13.98080,-13.15440,25.57510,34.36500,-22.08120,5.58615,8.87726,-12.08690,-20.29800,-9.12004,145.83900,-78.39090,144.67300,-72.76820,867.76300,446.69900
163,31.28730,-19.63760,-26.04010,-41.01490,14.03960,-12.90930,25.66030,34.11410,-22.13650,5.51986,8.75676,-12.13630,-20.42140,-9.31321,145.39300,-78.51620,144.13200,-73.66620,867.78600,449.45800
164,31.35400,-19.63940,-26.02020,-40.98480,13.98120,-12.63850,25.38200,33.94010,-22.14930,5.34968,8.58677,-12.06640,-20.21740,-9.43422,144.88400,-78.64700,143.52700,-74.55180,867.89200,452.41800
165,31.45440,-19.58800,-26.16520,-40.92310,14.00960,-12.32570,25.51250,33.71160,-22.19250,5.25490,8.47891,-12.09540,-20.34830,-9.62116,144.33900,-78.79150,142.86000,-75.49080,867.97900,455.33200
166,31.51860,-19.61210,-26.27800,-40.88400,13.93210,-11.99170,25.24350,33.55090,-22.20980,5.19795,8.36340,-11.98760,-20.13610,-9.72899,143.83200,-78.93850,142.22400,-76.42910,868.13200,458.43500
167,31.54330,-19.60490,-26.29000,-40.82440,13.85980,-11.58410,25.16520,33.27300,-22.21660,5.07318,8.24047,-11.94380,-20.09530,-9.86400,143.17600,-79.08490,141.42500,-77.36190,868.35900,461.50400
168,31.53620,-19.43370,-26.47240,-40.65260,13.76440,-11.06060,25.16040,33.40350,-22.23780,5.01581,8.17245,-11.86120,-19.87950,-9.96806,142.50000,-79.21180,140.57300,-78.25620,868.72300,464.67400
169,31.48740,-19.35560,-26.63510,-40.57190,13.64620,-10.59140,25.05980,33.10770,-22.19580,5.03206,8.07503,-11.73210,-19.58980,-10.11690,141.93900,-79.36370,139.86600,-79.23680,869.04100,467.91100
170,31.39040,-19.27370,-26.75640,-40.56550,13.68470,-10.06730,25.39110,32.61650,-22.15030,4.98342,7.95942,-11.78820,-19.61340,-10.37830,141.25800,-79.49050,139.04200,-80.18100,869.42600,471.13100
171,31.27810,-19.17890,-26.91040,-40.43980,13.59790,-9.47473,25.59090,32.34700,-22.10130,4.99442,7.87078,-11.74140,-19.30120,-10.58290,140.61300,-79.59650,138.23500,-81.12850,869.89400,474.43700
172,31.17220,-19.04890,-27.11810,-40.35480,13.50110,-8.76540,25.59540,31.93760,-22.12820,5.08404,7.84093,-11.70360,-18.72780,-10.72370,139.86900,-79.63950,137.29700,-81.98090,870.42700,477.80800
173,31.04260,-18.97110,-27.18660,-40.29030,13.48280,-8.10175,26.03250,31.51120,-22.05040,5.10670,7.78518,-11.66460,-18.40620,-10.96040,139.33300,-79.74420,136.56500,-82.99110,870.99000,481.07200
174,30.88560,-18.87880,-27.40670,-40.23820,13.49020,-7.40203,26.47940,31.01220,-22.00440,5.12101,7.76553,-11.67480,-18.01600,-11.19760,138.69100,-79.81070,135.70900,-83.93550,871.58400,484.36300
175,30.67280,-18.82280,-27.42050,-40.29230,13.49950,-6.68210,26.96540,30.45520,-21.92960,5.01271,7.70611,-11.72160,-17.65960,-11.44730,137.89900,-79.87470,134.69000,-84.82980,872.23500,487.63400
176,30.52680,-18.72070,-27.70950,-40.19420,13.58110,-5.97060,27.61920,29.84720,-21.91390,5.12051,7.75421,-11.82060,-17.37190,-11.72170,137.18400,-79.93890,133.72100,-85.78070,872.88800,490.80900
177,30.31460,-18.63910,-27.81570,-40.16430,13.59510,-5.34901,28.20900,29.31750,-21.85520,5.07389,7.74916,-11.86660,-16.91090,-11.98370,136.31500,-80.00690,132.59500,-86.69570,873.60200,494.00500
178,30.08190,-18.56620,-27.84460,-40.18510,13.62520,-4.72576,29.01310,29.00200,-21.82680,4.92604,7.76495,-11.89560,-16.18280,-12.19390,135.29800,-80.03800,131.28600,-87.47930,874.38600,497.13000
179,29.91220,-18.44190,-28.08960,-39.99960,13.80160,-4.25714,30.05200,28.47210,-21.72330,4.98294,7.81357,-11.90710,-15.67980,-12.49030,134.64300,-80.16100,130.35800,-88.55090,875.10600,500.21400
180,29.69100,-18.37470,-28.07970,-40.07830,14.11260,-3.97410,30.75040,28.17710,-21.64350,4.72444,7.82031,-11.91620,-14.72820,-12.70060,133.76000,-80.22770,129.18100,-89.34850,875.84300,503.15500
181,29.55180,-18.28870,-28.10070,-40.04150,14.75990,-3.76373,31.31370,27.71950,-21.58190,4.58881,7.86123,-12.00520,-13.76030,-12.95630,133.00700,-80.30190,128.14600,-90.15390,876.51900,506.01700
182,29.42310,-18.18220,-28.20260,-39.97010,15.62550,-3.89656,31.33070,27.52580,-21.52590,4.48128,7.92033,-11.94940,-12.34530,-13.14300,132.28200,-80.38950,127.13300,-90.94720,877.16100,508.74100
183,29.21340,-18.01030,-28.29900,-39.97050,16.65950,-4.47344,30.79760,27.40580,-21.40760,4.31607,7.93588,-11.80490,-10.71460,-13.33350,131.50200,-80.49850,126.09400,-91.77340,877.79400,511.36100
184,29.08650,-18.02100,-28.43290,-39.97050,17.74870,-5.27562,30.22180,27.54280,-21.29010,4.25873,8.00024,-11.55300,-9.09292,-13.51810,130.68600,-80.66210,125.01300,-92.66860,878.41000,513.87500
185,28.86470,-17.87020,-28.64620,-39.92460,18.82130,-6.02673,29.43830,27.68130,-21.11760,4.16831,8.05908,-11.20850,-7.52831,-13.69610,129.67000,-80.85130,123.72900,-93.65100,879.08800,516.26700
186,28.61080,-17.79270,-28.88090,-39.91920,19.83210,-6.90115,28.79860,28.12790,-20.89550,4.11315,8.12212,-10.78040,-6.14892,-13.89340,128.46600,-81.08590,122.26600,-94.75370,879.83100,518.57900
187,28.30040,-17.73030,-28.95580,-40.02710,20.80300,-7.48535,28.15030,28.52800,-20.65220,3.84861,8.14914,-10.34950,-4.91930,-14.09350,126.91000,-81.31010,120.44500,-95.82440,880.61900,520.77900
188,28.05380,-17.61710,-29.15570,-39.95450,21.79790,-7.80389,27.60390,28.75440,-20.48960,3.69326,8.21791,-9.95347,-3.80682,-14.30130,125.07600,-81.51320,118.34300,-96.86800,881.41800,522.88400
189,27.81110,-17.48400,-29.34880,-39.80570,22.86040,-8.02747,27.49620,28.94390,-20.36350,3.48435,8.28676,-9.62054,-2.78392,-14.49760,122.90600,-81.68950,115.90000,-97.86730,882.21400,524.87000
190,27.54520,-17.33430,-29.48340,-39.71500,24.01610,-8.46117,27.36370,29.31360,-20.24530,3.21958,8.31462,-9.34152,-1.77655,-14.72350,120.50700,-81.83200,113.25300,-98.81280,882.99900,526.81300
191,27.30250,-17.16840,-29.57480,-39.50920,25.27800,-8.64454,27.36250,29.35130,-20.14670,2.96674,8.33018,-9.10926,-0.81457,-14.95570,117.98000,-81.94690,110.49000,-99.73720,883.76400,528.67500
192,27.03910,-16.97400,-29.80360,-39.45290,26.62530,-9.08702,27.49040,29.67220,-20.06280,2.74042,8.35346,-8.90522,0.15294,-15.19880,115.43800,-82.03290,107.72700,-100.64000,884.48600,530.47400
193,26.77200,-16.82810,-29.71710,-39.17980,28.06320,-9.28583,27.53870,29.76350,-19.95830,2.42398,8.33846,-8.71771,1.15096,-15.42530,112.98100,-82.09080,105.05100,-101.51700,885.19800,532.16400
194,26.51800,-16.66370,-29.81910,-39.08570,29.55860,-9.64276,27.67580,29.85750,-19.84860,2.12730,8.37671,-8.53378,2.13080,-15.62550,110.73500,-82.14100,102.57000,-102.40000,885.90200,533.76600
195,26.29060,-16.52220,-29.84840,-38.93890,31.11200,-9.91800,27.76000,30.15570,-19.74030,1.84383,8.40924,-8.36784,3.06473,-15.83950,108.68600,-82.17320,100.29700,-103.26500,886.58500,535.31500
196,26.09770,-16.40030,-29.89580,-38.78160,32.72440,-10.19250,27.85460,30.48340,-19.63680,1.59100,8.46644,-8.22242,3.92190,-16.05920,106.87000,-82.20130,98.25000,-104.11700,887.19900,536.80400
197,25.91680,-16.29880,-29.94530,-38.68040,34.40810,-10.41490,27.92010,30.77090,-19.52590,1.36729,8.53780,-8.10238,4.71337,-16.28650,105.24200,-82.22810,96.39320,-104.95000,887.78500,538.20400
198,25.74190,-16.20810,-30.02870,-38.59490,36.14420,-10.65460,28.02190,31.09370,-19.40840,1.18281,8.61355,-7.98795,5.44976,-16.52660,103.67600,-82.26200,94.60850,-105.75800,888.33100,539.55800
199,25.56130,-16.11980,-30.09600,-38.53090,37.92770,-11.11640,28.04560,31.71420,-19.27600,0.99909,8.69395,-7.87262,6.17110,-16.77170,102.15600,-82.29880,92.86850,-106.53600,888.86500,540.85800
200,25.38250,-16.04260,-30.20370,-38.49430,39.74360,-11.67000,28.04360,32.37360,-19.13990,0.84738,8.78681,-7.76139,6.81644,-17.02090,100.61900,-82.33810,91.11580,-107.31700,889.39200,542.05400
201,25.21520,-15.95420,-30.28060,-38.45850,41.59160,-12.16200,28.07160,32.99430,-18.99860,0.66832,8.87837,-7.66132,7.40404,-17.27880,99.02730,-82.38130,89.30820,-108.07700,889.91600,543.21600
202,25.05610,-15.86520,-30.36210,-38.43020,43.44710,-12.65470,28.16700,33.66750,-18.85360,0.47467,8.97458,-7.55193,7.93915,-17.54330,97.33860,-82.42810,87.40290,-108.82900,890.43700,544.30000
203,24.92310,-15.76330,-30.45340,-38.35160,45.31660,-13.19520,28.31110,34.44200,-18.71990,0.26430,9.06998,-7.42455,8.44240,-17.81900,95.52350,-82.47240,85.37360,-109.56700,890.95800,545.32900
204,24.84030,-15.64920,-30.58120,-38.12600,47.17010,-13.38040,28.73280,34.73360,-18.61410,0.15051,9.20093,-7.34391,8.76758,-18.10320,93.53990,-82.51800,83.15470,-110.30100,891.46200,546.27400
205,24.69060,-15.54740,-30.55360,-38.06700,48.97710,-13.92130,28.98740,35.73240,-18.46520,-0.18992,9.27163,-7.16780,9.27769,-18.36500,91.45730,-82.53690,80.85700,-110.96900,891.99100,547.21700
206,24.53770,-15.45560,-30.61910,-37.99890,50.78880,-14.32620,29.28360,36.38050,-18.32790,-0.42268,9.37721,-7.04910,9.60972,-18.64430,89.24550,-82.54730,78.42300,-111.61300,892.52700,548.09300
207,24.36590,-15.35880,-30.70370,-37.95090,52.57720,-14.84790,29.48520,37.32840,-18.19430,-0.63042,9.50038,-6.90370,9.96500,-18.92090,87.06370,-82.53590,76.01500,-112.25100,893.07900,548.87900
208,24.17940,-15.25460,-30.83020,-37.95700,54.35310,-15.36280,29.59330,38.17780,-18.07270,-0.84767,9.64023,-6.77105,10.28410,-19.18890,84.90870,-82.50100,73.62710,-112.85600,893.68600,549.62200
209,24.01960,-15.15920,-30.87350,-37.72380,56.08280,-15.77020,29.68500,38.96300,-17.97700,-1.02971,9.79876,-6.63799,10.57090,-19.42550,82.75700,-82.44580,71.22560,-113.47000,894.29100,550.28000
210,23.89120,-15.02370,-30.98130,-37.64370,57.77600,-16.34490,29.76980,40.08040,-17.90400,-1.26103,9.95214,-6.47967,10.88640,-19.68020,80.72140,-82.36300,68.95050,-114.07300,894.91800,550.89800
211,23.75830,-14.89610,-31.05200,-37.55750,59.45800,-16.82810,29.76370,40.92600,-17.80390,-1.52113,10.10920,-6.30412,11.17490,-19.91230,78.59170,-82.28820,66.57630,-114.68000,895.55800,551.44700
212,23.63750,-14.74960,-31.17400,-37.37380,61.11170,-17.26560,30.04670,41.79900,-17.72940,-1.70541,10.28540,-6.12128,11.47310,-20.13000,76.57220,-82.19960,64.31000,-115.29500,896.19500,551.95100
213,23.48800,-14.61580,-31.17270,-37.23990,62.72930,-17.47030,30.41190,42.39700,-17.60610,-2.00673,10.43100,-5.91563,11.76670,-20.33450,74.48930,-82.10430,61.99360,-115.92500,896.88200,552.35900
214,23.32740,-14.49340,-31.21630,-37.10860,64.37270,-17.99740,30.49810,43.18820,-17.49770,-2.24262,10.59700,-5.73121,12.07350,-20.52100,72.48950,-81.99460,59.75900,-116.46400,897.52200,552.71600
215,23.17330,-14.37110,-31.29190,-36.98820,65.97770,-18.47730,30.68240,44.17700,-17.40010,-2.44959,10.76760,-5.50659,12.40460,-20.70140,70.51570,-81.86940,57.55740,-117.02000,898.17400,552.99600
216,23.02220,-14.26150,-31.38890,-36.87960,67.58770,-18.59680,30.91530,44.53210,-17.27880,-2.65047,10.95880,-5.30464,12.64880,-20.84470,68.44450,-81.75130,55.24910,-117.58900,898.83300,553.14900
217,22.90540,-14.12750,-31.55130,-36.71330,69.16780,-19.01080,31.10930,45.41470,-17.22680,-2.80013,11.15620,-5.08768,12.92660,-20.99290,66.46290,-81.58710,53.03380,-118.11000,899.43100,553.28000
218,22.79430,-14.00900,-31.65360,-36.58180,70.73270,-19.62230,31.14870,46.46560,-17.17410,-3.03464,11.33690,-4.86174,13.18680,-21.12090,64.48270,-81.39730,50.82300,-118.59100,900.06100,553.31000
219,22.67220,-13.89870,-31.65630,-36.48320,72.24190,-19.88070,31.42520,47.30540,-17.09880,-3.38392,11.51200,-4.62434,13.39240,-21.22870,62.45690,-81.18020,48.55810,-119.06300,900.63700,553.26900
220,22.57550,-13.78870,-31.81480,-36.32160,73.72960,-20.24510,31.60770,48.06550,-17.06920,-3.57700,11.69890,-4.38321,13.54230,-21.33180,60.41020,-80.93940,46.28140,-119.54600,901.20400,553.19800
221,22.45550,-13.69900,-31.91300,-36.23930,75.19840,-20.59960,31.74820,48.80330,-17.03540,-3.84403,11.88920,-4.15923,13.68000,-21.40500,58.53160,-80.67120,44.16600,-119.97900,901.74700,553.02200
222,22.32310,-13.62240,-32.00430,-36.18360,76.62320,-20.92690,31.90430,49.52480,-17.00880,-4.11224,12.07990,-3.94520,13.78280,-21.47650,56.79910,-80.37870,42.19420,-120.38200,902.27000,552.83100
223,22.19310,-13.53060,-32.08760,-36.12870,78.01570,-21.48090,32.04460,50.45470,-16.98340,-4.39496,12.25780,-3.72303,13.88010,-21.55070,55.19610,-80.07530,40.36310,-120.77700,902.81700,552.61900
224,22.06710,-13.45780,-32.16180,-36.07950,79.37940,-21.63340,32.31360,51.01080,-16.93930,-4.67534,12.45170,-3.50966,13.94760,-21.61710,53.72120,-79.79100,38.65200,-121.18300,903.32500,552.38200
225,21.96730,-13.35940,-32.16660,-36.00060,80.72090,-21.99420,32.55670,51.84500,-16.92160,-4.99888,12.61240,-3.31310,14.05610,-21.69410,52.52840,-79.50710,37.24160,-121.50100,903.87500,552.20000
226,21.90230,-13.27040,-32.23320,-35.91030,82.08400,-22.33590,32.77860,52.63210,-16.91400,-5.28090,12.79210,-3.12981,14.13230,-21.76840,51.38310,-79.23530,35.87820,-121.86300,904.34900,551.93600
227,21.84020,-13.17060,-32.27330,-35.80010,83.47170,-22.84330,32.92540,53.63960,-16.91190,-5.56683,12.95590,-2.96949,14.22570,-21.85010,50.40610,-78.97390,34.69710,-122.15100,904.82900,551.67200
228,21.79170,-13.08300,-32.30230,-35.67820,84.88800,-23.03310,33.04830,54.31710,-16.91360,-5.85375,13.11550,-2.81286,14.33740,-21.90500,49.51600,-78.72050,33.60870,-122.42900,905.28300,551.37300
229,21.73570,-12.99550,-32.29150,-35.58530,86.33820,-23.34870,33.16110,54.98610,-16.91230,-6.16993,13.23870,-2.69739,14.37610,-22.03530,48.68340,-78.45800,32.60050,-122.65500,905.66300,551.13900
230,21.68260,-12.92600,-32.29150,-35.50890,87.80230,-23.77460,33.23180,55.85950,-16.92530,-6.46876,13.36180,-2.58716,14.43060,-22.15330,47.95940,-78.19720,31.70600,-122.85400,906.01800,550.84000
231,21.63140,-12.89820,-32.30470,-35.48370,89.28730,-24.13240,33.30110,56.67560,-16.93880,-6.71004,13.50760,-2.50528,14.49290,-22.27450,47.36770,-77.96600,30.93970,-123.00000,906.34000,550.46600
232,21.58190,-12.87980,-32.30160,-35.45980,90.73920,-24.43180,33.44590,57.45260,-16.94280,-6.96110,13.63970,-2.40116,14.52380,-22.41530,46.73910,-77.72670,30.14580,-123.17200,906.63700,550.16100
233,21.56280,-12.87030,-32.34790,-35.45660,92.19430,-24.75110,33.65990,58.23140,-16.98110,-7.15158,13.79460,-2.33037,14.58700,-22.54900,46.24910,-77.51240,29.48710,-123.26100,906.91700,549.77500
234,21.56050,-12.85840,-32.40800,-35.46400,93.62240,-25.11350,33.89120,59.05780,-17.01200,-7.34610,13.94540,-2.23894,14.64900,-22.68110,45.72730,-77.30860,28.80150,-123.35500,907.17300,549.39400
235,21.56710,-12.83660,-32.47790,-35.46940,95.01820,-25.48830,34.10710,60.00070,-17.04190,-7.53887,14.08400,-2.12871,14.71060,-22.81570,45.19910,-77.11000,28.12050,-123.46300,907.40800,549.03800
236,21.58930,-12.81290,-32.58970,-35.43480,96.40880,-25.88970,34.26670,60.98390,-17.04410,-7.66090,14.27740,-2.00844,14.82470,-22.87250,44.62630,-76.96450,27.36450,-123.53800,907.68300,548.52600
237,21.58760,-12.80470,-32.69320,-35.46610,97.78720,-26.27490,34.39840,61.89800,-17.06720,-7.79724,14.43220,-1.91351,14.93320,-22.95240,44.17990,-76.79570,26.76430,-123.61700,907.87600,548.03300
238,21.56310,-12.76080,-32.76000,-35.47670,99.14210,-26.67910,34.50810,62.79080,-17.10330,-7.96745,14.51870,-1.82925,15.02600,-23.07730,43.78950,-76.59710,26.26860,-123.66300,908.03300,547.59200
239,21.51240,-12.71900,-32.83870,-35.47600,100.47300,-27.02220,34.57560,63.62330,-17.11850,-8.07917,14.65430,-1.77165,15.15680,-23.12790,43.43670,-76.43050,25.78040,-123.68500,908.24600,547.06500
240,21.44380,-12.68590,-32.87460,-35.47920,101.77100,-27.33380,34.60740,64.35490,-17.12100,-8.20348,14.77800,-1.73862,15.29990,-23.16630,43.14750,-76.27230,25.36710,-123.68600,908.47500,546.52700
241,21.34370,-12.65730,-32.93970,-35.47210,103.01400,-27.58680,34.65040,65.01090,-17.09600,-8.29205,14.92540,-1.70103,15.43590,-23.15620,42.85710,-76.12430,24.95040,-123.83900,908.74400,545.87400
242,21.25060,-12.61390,-32.93270,-35.49410,104.19100,-27.81070,34.78170,65.64190,-17.06900,-8.50830,15.02390,-1.68328,15.55820,-23.16280,42.57230,-75.95700,24.55520,-123.86000,908.96700,545.37600
243,21.19940,-12.54240,-32.88780,-35.39510,105.33100,-28.04680,34.99250,66.27400,-17.08560,-8.74952,15.09620,-1.71493,15.68170,-23.16070,42.37910,-75.78030,24.26150,-123.79300,909.17900,544.86000
244,21.12290,-12.49770,-32.80720,-35.36100,106.39400,-28.23450,35.24050,66.83540,-17.02890,-9.01850,15.15230,-1.70206,15.78920,-23.14760,42.06730,-75.62170,23.86520,-123.92400,909.34400,544.40400
245,21.08830,-12.44330,-32.75570,-35.31110,107.48200,-28.45590,35.41530,67.36620,-17.04050,-9.25525,15.22890,-1.77878,15.90360,-23.06620,41.87960,-75.45770,23.58020,-123.92100,909.51500,543.76700
246,21.06220,-12.40480,-32.61370,-35.30740,108.55000,-28.62960,35.50720,67.77760,-17.03180,-9.61026,15.21490,-1.85292,15.96490,-23.06050,41.61800,-75.27280,23.26610,-123.82700,909.55200,543.42900
247,21.02270,-12.34440,-32.62700,-35.23280,109.66500,-28.75600,35.45590,68.02140,-17.03790,-9.75517,15.29670,-1.99788,16.07290,-22.92900,41.47580,-75.15010,23.04340,-123.86600,909.69500,542.73000
248,20.98990,-12.30420,-32.58710,-35.20790,110.74600,-28.83490,35.51390,68.21980,-17.03570,-9.97260,15.30620,-2.14521,16.08770,-22.91980,41.26170,-75.00660,22.79670,-123.82200,909.72200,542.19400
249,20.94750,-12.26310,-32.55650,-35.20400,111.77900,-28.95790,35.63730,68.52670,-17.01920,-10.17610,15.30370,-2.28647,16.09030,-22.90910,41.01500,-74.87240,22.52930,-123.75400,909.72500,541.73400
250,20.92410,-12.24930,-32.56760,-35.24730,112.75800,-29.05590,35.81020,68.86860,-17.00080,-10.38160,15.33580,-2.43691,16.07060,-22.84130,40.70470,-74.74350,22.16820,-123.59000,909.71900,541.23900
251,20.88330,-12.20830,-32.53100,-35.20970,113.67700,-29.23280,35.98510,69.26820,-17.03330,-10.57450,15.27630,-2.60128,16.04060,-22.85080,40.60110,-74.59340,22.09160,-123.49300,909.63100,540.78100
252,20.85840,-12.20110,-32.55820,-35.15580,114.53400,-29.39150,36.16390,69.68760,-17.02310,-10.68190,15.29400,-2.74441,15.97530,-22.77960,40.33720,-74.47860,21.81530,-123.50600,909.59400,540.09600
253,20.83120,-12.19660,-32.50270,-35.15380,115.27700,-29.57650,36.36950,70.19990,-17.00310,-10.89660,15.24870,-2.86660,15.89210,-22.74260,40.05100,-74.33940,21.54410,-123.43400,909.50900,539.67100
254,20.81080,-12.21070,-32.47590,-35.17310,115.97100,-29.75520,36.52500,70.60830,-16.99460,-11.06380,15.21630,-3.01158,15.82720,-22.67690,39.81010,-74.21940,21.31840,-123.36500,909.44000,539.21800
255,20.79490,-12.21260,-32.47790,-35.18330,116.58700,-29.88090,36.62500,70.91200,-16.98860,-11.21000,15.18150,-3.16011,15.76380,-22.60470,39.58120,-74.11040,21.11100,-123.32200,909.35200,538.79700
256,20.76750,-12.19250,-32.48780,-35.14020,117.12000,-29.97870,36.68100,71.10820,-16.97720,-11.32170,15.13610,-3.31030,15.69990,-22.52870,39.34930,-74.01140,20.91290,-123.29300,909.28100,538.41000
257,20.72570,-12.18400,-32.48210,-35.09360,117.55300,-30.04770,36.82370,71.27850,-16.94990,-11.42320,15.07370,-3.45029,15.66610,-22.46150,39.14040,-73.92860,20.75360,-123.29200,909.19100,538.10600
258,20.68780,-12.20650,-32.39660,-35.03080,117.90400,-30.10220,36.80860,71.28770,-16.91180,-11.52330,14.98720,-3.59524,15.61330,-22.40470,38.95340,-73.85660,20.62960,-123.30900,909.06600,537.88500
259,20.63260,-12.21680,-32.36180,-35.02460,118.14200,-30.11200,36.85610,71.33420,-16.85770,-11.61140,14.91160,-3.73448,15.60120,-22.33260,38.80080,-73.81110,20.54360,-123.38200,908.95600,537.66600
260,20.58660,-12.24170,-32.30530,-35.02800,118.30700,-30.12120,36.86990,71.29690,-16.79980,-11.70380,14.83190,-3.88169,15.61000,-22.25280,38.67810,-73.78450,20.48980,-123.46400,908.81900,537.49400
261,20.55350,-12.27300,-32.25070,-35.09830,118.39600,-30.14280,36.85210,71.20960,-16.74420,-11.82630,14.75120,-4.03884,15.62700,-22.15980,38.59080,-73.77020,20.47220,-123.55400,908.68500,537.32900
262,20.55570,-12.30560,-32.15290,-35.11170,118.42800,-30.09230,36.73420,70.94010,-16.69640,-11.97270,14.65690,-4.20127,15.63810,-22.06630,38.50500,-73.76170,20.46090,-123.64300,908.52000,537.20700
263,20.58130,-12.36630,-31.99340,-35.13720,118.35500,-30.09280,36.81390,70.91560,-16.65070,-12.16290,14.53930,-4.33951,15.68260,-21.98220,38.42000,-73.75380,20.46220,-123.70600,908.32900,537.14800
264,20.62750,-12.41980,-31.85040,-35.14220,118.21200,-30.07250,36.92920,70.92100,-16.61600,-12.32860,14.42670,-4.48032,15.73170,-21.88910,38.34150,-73.75780,20.47120,-123.79300,908.12300,537.08900
265,20.69190,-12.49590,-31.78000,-35.16550,118.02000,-30.05960,37.05330,70.88230,-16.60590,-12.43580,14.32860,-4.61514,15.76750,-21.77100,38.24740,-73.75630,20.46200,-123.90300,907.89200,536.97800
266,20.75420,-12.55130,-31.71980,-35.19560,117.78000,-30.03700,37.15630,70.82950,-16.60670,-12.52750,14.21390,-4.73861,15.81430,-21.66050,38.16600,-73.75270,20.48080,-123.98800,907.63100,536.92400
267,20.82670,-12.64090,-31.74200,-35.24030,117.48800,-29.98370,37.20570,70.73210,-16.61290,-12.55990,14.12650,-4.85938,15.80900,-21.55300,38.03340,-73.74810,20.43260,-124.10900,907.35900,536.82700
268,20.89420,-12.72480,-31.74900,-35.31310,117.16800,-29.89080,37.16220,70.49930,-16.62480,-12.59050,14.02140,-4.98144,15.81430,-21.46700,37.94370,-73.75070,20.44030,-124.19900,907.05700,536.75700
269,20.95220,-12.81160,-31.74560,-35.39080,116.80400,-29.78280,37.06750,70.28900,-16.62480,-12.62180,13.91770,-5.09960,15.83430,-21.37190,37.86710,-73.76700,20.45920,-124.28600,906.76200,536.71700
270,21.00340,-12.89730,-31.72620,-35.47410,116.39200,-29.68170,37.01550,70.09920,-16.61390,-12.65710,13.80420,-5.20995,15.86160,-21.28820,37.81100,-73.79670,20.50900,-124.40300,906.47300,536.68700
271,21.07210,-12.99210,-31.65850,-35.56290,115.93000,-29.59070,37.01120,69.81350,-16.61220,-12.71090,13.68970,-5.33316,15.90630,-21.19820,37.80110,-73.83610,20.59830,-124.48100,906.17300,536.70200
272,21.13500,-13.10450,-31.54470,-35.66750,115.40700,-29.50210,37.05390,69.63870,-16.59450,-12.78780,13.56720,-5.44188,15.97460,-21.09430,37.80640,-73.88900,20.71010,-124.56900,905.88700,536.74600
273,21.19930,-13.20350,-31.49490,-35.79230,114.84100,-29.39280,37.12780,69.42150,-16.57540,-12.81550,13.47730,-5.55591,16.02210,-20.98430,37.80830,-73.95710,20.80860,-124.72200,905.62700,536.69300
274,21.27720,-13.28670,-31.43460,-35.84980,114.23000,-29.27720,37.17300,69.22940,-16.56500,-12.82610,13.38880,-5.66479,16.11130,-20.82410,37.84130,-74.03690,20.93560,-124.88400,905.38600,536.66400
275,21.36790,-13.38240,-31.34900,-35.96080,113.58100,-29.13890,37.25990,68.98100,-16.56070,-12.88860,13.27260,-5.77589,16.15260,-20.73400,37.87470,-74.10720,21.07860,-125.03900,905.09500,536.66300
276,21.45440,-13.46260,-31.28220,-36.01620,112.89900,-28.97340,37.28340,68.66480,-16.55240,-12.90400,13.16940,-5.89147,16.22260,-20.60640,37.93620,-74.20200,21.24620,-125.21000,904.83200,536.64600
277,21.53200,-13.52910,-31.20320,-36.06750,112.18300,-28.80420,37.26590,68.33590,-16.52740,-12.90440,13.06720,-6.00780,16.29290,-20.47380,38.01090,-74.31720,21.43120,-125.42100,904.58400,536.61700
278,21.60670,-13.61750,-31.14490,-36.14660,111.41800,-28.64170,37.26540,67.92860,-16.49040,-12.87380,12.97150,-6.12380,16.32820,-20.35520,38.05410,-74.44420,21.58260,-125.64100,904.32100,536.59400
279,21.66860,-13.69480,-31.08250,-36.24080,110.59500,-28.51590,37.29220,67.51920,-16.44940,-12.82770,12.87050,-6.24395,16.34030,-20.24210,38.11600,-74.57660,21.75730,-125.85500,904.05800,536.62300
280,21.70950,-13.77170,-31.02550,-36.32260,109.71900,-28.41330,37.28930,67.07520,-16.41630,-12.74470,12.76820,-6.38202,16.35120,-20.11660,38.25840,-74.71920,22.01960,-126.06300,903.81700,536.66300
281,21.72870,-13.84170,-31.04060,-36.41430,108.78500,-28.21320,37.27950,66.57920,-16.34060,-12.59460,12.70730,-6.51514,16.30130,-19.97550,38.32870,-74.88800,22.19760,-126.40700,903.62000,536.59300
282,21.75240,-13.89710,-31.03980,-36.46940,107.80200,-27.99200,37.26450,66.05970,-16.30680,-12.46260,12.61370,-6.68183,16.23060,-19.85400,38.49980,-75.03780,22.49490,-126.66500,903.39100,536.57700
283,21.76920,-13.93870,-31.02560,-36.53000,106.75200,-27.78200,37.28630,65.56240,-16.26660,-12.34200,12.50790,-6.84468,16.12550,-19.73080,38.66680,-75.18430,22.79830,-126.93800,903.16600,536.55500
284,21.78790,-13.99520,-30.97950,-36.59160,105.61900,-27.50800,37.34010,65.03300,-16.21340,-12.26000,12.37970,-6.99539,15.96890,-19.63140,38.78230,-75.32370,23.05990,-127.20600,902.91300,536.60400
285,21.82180,-14.03580,-30.95410,-36.60780,104.41700,-27.19370,37.41370,64.47020,-16.17490,-12.15300,12.25370,-7.15892,15.79540,-19.51890,38.93270,-75.46980,23.35870,-127.47300,902.66300,536.59300
286,21.84240,-14.07620,-30.94180,-36.63260,103.15600,-26.74700,37.38700,63.71810,-16.11400,-12.00930,12.13080,-7.33283,15.58890,-19.40600,39.09590,-75.64480,23.68080,-127.81200,902.40800,536.53700
287,21.86240,-14.13230,-30.89070,-36.69610,101.79100,-26.16820,37.39790,62.89670,-16.04620,-11.90100,11.98180,-7.49640,15.34830,-19.32170,39.24550,-75.81920,24.00230,-128.11500,902.12400,536.58000
288,21.88790,-14.18390,-30.81040,-36.75470,100.33200,-25.57990,37.39930,61.97260,-15.97650,-11.82070,11.81850,-7.66367,15.06620,-19.25460,39.40820,-75.99560,24.34270,-128.40000,901.82200,536.68900
289,21.92170,-14.21450,-30.72740,-36.78140,98.78950,-25.05150,37.37230,61.07630,-15.91230,-11.72180,11.66100,-7.84551,14.78090,-19.17210,39.64690,-76.20010,24.75790,-128.64000,901.53400,536.78200
290,21.94060,-14.26750,-30.66000,-36.85730,97.14850,-24.54280,37.35000,60.14970,-15.82860,-11.58300,11.51250,-8.01499,14.45380,-19.08380,39.89160,-76.41840,25.18290,-128.97700,901.24400,536.84700
291,21.95900,-14.29950,-30.61970,-36.86190,95.43590,-24.03670,37.29230,59.17280,-15.76470,-11.39200,11.37250,-8.20779,14.09740,-18.97920,40.24200,-76.64170,25.71750,-129.35800,900.96900,536.83900
292,21.96910,-14.34180,-30.56560,-36.94990,93.64500,-23.47320,37.19030,58.06070,-15.69100,-11.23950,11.21420,-8.40208,13.66160,-18.91040,40.58460,-76.85650,26.25140,-129.75400,900.65300,536.91400
293,21.98380,-14.38180,-30.48930,-36.99750,91.82010,-22.90860,36.96910,56.94570,-15.63910,-11.07480,11.04920,-8.63885,13.22770,-18.83860,41.07220,-77.09180,26.93960,-130.01600,900.34600,536.93300
294,21.99460,-14.43230,-30.36970,-37.07450,89.91810,-22.27030,36.63980,55.72070,-15.57250,-10.96240,10.86070,-8.85475,12.72030,-18.80020,41.52150,-77.31390,27.59490,-130.28600,900.00600,537.06700
295,21.98910,-14.48340,-30.28430,-37.13290,87.96220,-21.47310,36.16450,54.32140,-15.48800,-10.77750,10.70470,-9.06728,12.19630,-18.73730,42.04920,-77.57060,28.31980,-130.61100,899.70600,537.09000
296,21.97200,-14.52780,-30.22020,-37.16160,85.92430,-20.50910,35.67610,52.73520,-15.39010,-10.55680,10.56620,-9.27476,11.65580,-18.67020,42.65370,-77.85220,29.12000,-130.96400,899.43800,537.05700
297,21.96420,-14.56200,-30.14050,-37.19530,83.78530,-19.58040,35.23450,51.14960,-15.29840,-10.33760,10.42420,-9.45394,11.09970,-18.61270,43.29510,-78.13550,29.95570,-131.26900,899.17500,537.08100
298,21.93420,-14.59550,-29.99900,-37.26740,81.55670,-18.55430,34.95800,49.48880,-15.20170,-10.15350,10.29870,-9.64184,10.55770,-18.51940,44.14200,-78.43250,30.98810,-131.53600,898.96300,536.97400
299,21.95080,-14.60430,-30.00680,-37.23920,79.21670,-17.82690,34.78780,48.12400,-15.15010,-9.81664,10.17000,-9.76467,9.97709,-18.45540,44.92640,-78.71820,31.96920,-131.82500,898.71400,537.00900
300,21.91660,-14.64370,-29.86010,-37.26080,76.84930,-17.40830,34.55240,47.08980,-15.07460,-9.60393,10.04350,-9.91806,9.42797,-18.35670,45.97580,-79.01360,33.21170,-132.02800,898.48600,536.83800
301,21.90250,-14.66080,-29.83990,-37.47850,74.42530,-16.85440,34.22940,45.97400,-15.02540,-9.36811,9.90659,-10.04770,8.82172,-18.28160,47.05430,-79.28400,34.49820,-132.23000,898.24200,536.70600
302,21.89470,-14.69720,-29.80980,-37.44160,71.97180,-16.05290,33.75930,44.46740,-14.98630,-9.00982,9.77958,-10.15740,8.18444,-18.21090,48.16110,-79.57030,35.81100,-132.42200,897.95700,536.55900
303,21.88880,-14.71550,-29.74220,-37.46950,69.48990,-14.92960,33.26580,42.55670,-14.94020,-8.78920,9.62104,-10.28150,7.47412,-18.16420,49.36440,-79.83120,37.22810,-132.56100,897.68600,536.47000
304,21.86390,-14.75840,-29.56340,-37.54130,66.96580,-14.05350,32.56010,41.33420,-14.88750,-8.62994,9.47623,-10.38870,6.81846,-18.09080,50.86150,-80.10270,38.92420,-132.61600,897.45000,536.25200
305,21.83330,-14.80260,-29.43500,-37.56160,64.40570,-13.36130,31.80210,40.06770,-14.80290,-8.37940,9.33465,-10.44320,6.05674,-18.06000,52.21410,-80.38150,40.47950,-132.77400,897.17200,536.06500
306,21.85840,-14.82810,-29.39720,-37.51210,61.76660,-12.34070,31.20300,38.62850,-14.81340,-8.02732,9.23888,-10.53740,5.29120,-17.97980,53.99730,-80.64370,42.43770,-132.79700,896.92600,535.80700
307,21.85160,-14.88330,-29.19290,-37.57700,59.04550,-11.42420,30.72180,37.55420,-14.76890,-7.85902,9.11527,-10.55610,4.53843,-17.91680,55.83130,-80.90060,44.45290,-132.82100,896.69200,535.53100
308,21.87260,-14.91560,-29.05790,-37.57830,56.28060,-10.56490,30.35620,36.42900,-14.74920,-7.63130,9.00870,-10.55150,3.76872,-17.83000,57.78300,-81.15020,46.58120,-132.83500,896.46100,535.20200
309,21.91660,-14.94240,-28.91720,-37.55610,53.50440,-9.59151,30.11980,35.21320,-14.77420,-7.41469,8.91077,-10.57920,2.98041,-17.72350,59.96790,-81.36720,48.93380,-132.75100,896.23300,534.81200
310,21.95450,-14.96240,-28.79350,-37.52390,50.70420,-8.46646,29.91150,34.10020,-14.77080,-7.20754,8.81057,-10.55070,2.17570,-17.61520,62.13250,-81.58420,51.27150,-132.72100,896.01300,534.39500
311,21.99650,-15.00170,-28.62050,-37.45310,47.96120,-7.54355,29.69350,33.28250,-14.79400,-6.97534,8.71272,-10.53410,1.40329,-17.48290,64.55180,-81.77330,53.85960,-132.60700,895.78100,533.91000
312,22.00720,-15.02870,-28.45560,-37.39830,45.30640,-6.69210,29.48180,32.29430,-14.77960,-6.73799,8.62202,-10.54480,0.50939,-17.34870,67.01240,-81.96230,56.48990,-132.53400,895.57800,533.36800
313,21.94730,-15.04300,-28.22970,-37.39650,42.74530,-5.85229,29.21830,31.58980,-14.77780,-6.53967,8.51672,-10.62630,-0.42518,-17.22930,69.75950,-82.09920,59.41390,-132.33500,895.37000,532.76200
314,21.98620,-15.14680,-28.08700,-37.33640,40.25450,-5.05477,28.88210,31.05610,-14.78640,-6.22257,8.44049,-10.66580,-1.44500,-17.11190,72.48130,-82.25220,62.30980,-132.25000,895.16900,532.14100
315,21.99220,-15.16000,-27.94130,-37.30040,37.89530,-4.26634,28.56550,30.51440,-14.82740,-5.98079,8.35594,-10.81190,-2.58423,-17.00090,75.39210,-82.34520,65.39620,-132.03100,894.97700,531.42100
316,21.98690,-15.16510,-27.73830,-37.24930,35.61680,-3.48010,28.22410,30.15700,-14.84710,-5.78603,8.26390,-10.97780,-3.82066,-16.89620,78.35160,-82.42320,68.53290,-131.82700,894.80300,530.66700
317,22.00520,-15.17040,-27.56350,-37.19100,33.42340,-2.78096,27.96180,29.80080,-14.86790,-5.59775,8.17960,-11.12820,-5.10366,-16.79010,81.24500,-82.48970,71.60230,-131.64000,894.62900,529.85000
318,22.01220,-15.17250,-27.37330,-37.09630,31.31400,-2.09724,27.82150,29.54780,-14.88080,-5.37648,8.10688,-11.28290,-6.45011,-16.67170,84.11210,-82.53690,74.63940,-131.45800,894.47300,528.94800
319,22.03310,-15.16930,-27.21260,-37.00290,29.25910,-1.22958,27.82330,29.26210,-14.88500,-5.16405,8.04343,-11.43240,-7.89747,-16.55880,86.93080,-82.58000,77.62980,-131.30500,894.33700,528.00900
320,22.01800,-15.16600,-27.05410,-36.92780,27.25470,-0.13306,27.99070,28.93500,-14.86640,-4.94514,7.98534,-11.57040,-9.39859,-16.43470,89.65280,-82.60790,80.52380,-131.15800,894.21900,526.98800
321,21.98320,-15.16060,-26.89710,-36.81520,25.29830,0.97095,28.29160,28.69050,-14.81740,-4.71355,7.93479,-11.66760,-10.88640,-16.29000,92.34850,-82.63340,83.38920,-131.05500,894.12200,525.90200
322,21.93550,-15.13700,-26.79790,-36.73880,23.47610,1.77107,28.71910,28.44380,-14.77700,-4.48019,7.89099,-11.75360,-12.29930,-16.12800,95.03730,-82.63420,86.25540,-130.90400,894.02600,524.72300
323,21.87060,-15.12660,-26.65540,-36.68550,21.81620,2.22215,29.21220,28.27720,-14.72370,-4.28051,7.83215,-11.87120,-13.70360,-15.97470,97.69770,-82.61790,89.10300,-130.74200,893.91900,523.49500
324,21.83100,-15.11770,-26.54660,-36.66560,20.34400,2.69280,29.65610,28.37880,-14.69970,-4.05661,7.75712,-12.03250,-15.04790,-15.84550,100.38400,-82.57690,92.00130,-130.51800,893.74600,522.20800
325,21.78290,-15.12090,-26.42530,-36.63640,19.07560,3.51660,30.23510,28.10170,-14.66810,-3.81087,7.68468,-12.25070,-16.39370,-15.72020,103.09500,-82.51990,94.92640,-130.26600,893.56900,520.85000
326,21.73750,-15.10980,-26.30270,-36.53870,17.99320,4.13558,30.52510,28.03760,-14.63410,-3.50925,7.63596,-12.45990,-17.64180,-15.57020,105.75300,-82.45110,97.78660,-130.00800,893.41900,519.37500
327,21.68540,-15.13240,-26.22460,-36.55000,17.13080,4.69973,30.79160,28.05130,-14.57930,-3.21270,7.60545,-12.66180,-18.82230,-15.41350,108.33300,-82.38600,100.56300,-129.74100,893.23600,517.78800
328,21.65230,-15.14180,-26.20180,-36.54210,16.42000,5.23168,30.71610,27.98030,-14.53530,-2.91043,7.59261,-12.82570,-19.88550,-15.23610,110.72900,-82.31530,103.14700,-129.49600,893.07400,516.13300
329,21.60330,-15.16360,-26.11500,-36.54930,15.82900,5.66252,30.56580,28.19410,-14.47240,-2.62205,7.56252,-12.92440,-20.75760,-15.05690,112.96200,-82.24210,105.58100,-129.22300,892.86700,514.36900
330,21.60760,-15.18590,-26.17990,-36.53660,15.35900,6.11719,30.26040,28.40030,-14.44260,-2.25813,7.54943,-12.98120,-21.52130,-14.86890,114.99700,-82.17660,107.82400,-128.98300,892.59900,512.56500
331,21.57390,-15.26570,-26.05390,-36.68150,14.96000,6.75421,29.90320,28.47970,-14.37140,-2.08116,7.50058,-12.95880,-22.04350,-14.64520,116.84600,-82.10710,109.88500,-128.70400,892.29100,510.68500
332,21.56330,-15.31180,-25.99340,-36.67620,14.54040,7.14334,29.43890,28.98590,-14.33560,-1.80138,7.46270,-12.77730,-22.14330,-14.35390,118.50800,-82.03230,111.76500,-128.35700,892.00200,508.74700
333,21.57390,-15.36140,-25.97010,-36.70350,14.31160,7.51096,28.98920,29.15370,-14.32420,-1.53479,7.38081,-12.72110,-22.37420,-14.15940,119.93600,-81.95370,113.46200,-127.99200,891.60200,506.76200
334,21.57740,-15.42520,-25.97070,-36.81670,14.21470,7.75338,28.67800,29.38120,-14.31380,-1.28341,7.30403,-12.66990,-22.45890,-13.97590,121.25700,-81.87310,115.05500,-127.59400,891.16600,504.69200
335,21.60180,-15.47860,-25.95600,-36.86170,14.11210,8.22164,28.34680,29.48210,-14.30980,-0.99755,7.22680,-12.54400,-22.40880,-13.77020,122.47100,-81.80050,116.55100,-127.21100,890.70700,502.49500
336,21.65820,-15.54050,-25.94700,-36.91370,14.10960,8.08035,27.92860,29.75690,-14.32980,-0.74528,7.14921,-12.45300,-22.39790,-13.58140,123.48600,-81.73270,117.85400,-126.80600,890.22800,500.18700
337,21.73380,-15.60450,-25.91970,-37.01020,14.16680,7.19609,27.07020,30.26620,-14.37730,-0.51955,7.07400,-12.34330,-22.29260,-13.39060,124.31600,-81.65910,118.97400,-126.36200,889.68900,497.77400
338,21.85200,-15.65290,-25.86720,-37.05300,14.15680,6.02528,25.68130,30.71580,-14.43780,-0.35846,6.96679,-12.20760,-22.25660,-13.25280,124.89000,-81.61400,119.86200,-125.94000,889.14600,495.33200
339,21.96300,-15.71320,-25.80180,-37.10840,14.04080,5.11890,24.58690,31.61440,-14.50350,-0.18691,6.86465,-12.02090,-22.16580,-13.12760,125.28300,-81.57700,120.56200,-125.51100,888.53600,492.75900
340,22.10470,-15.75970,-25.84250,-37.09260,13.79860,4.15792,24.14310,32.27630,-14.57560,0.01667,6.76640,-11.83490,-22.40070,-13.06870,125.46400,-81.58280,121.04900,-125.15900,887.90300,490.19500
341,22.22880,-15.83190,-25.68970,-37.19470,13.56240,3.28960,23.68620,32.72850,-14.65730,-0.02064,6.65267,-11.68460,-22.64870,-13.02680,125.47600,-81.55730,121.35000,-124.70500,887.32100,487.57900
342,22.33750,-15.93380,-25.59850,-37.29380,13.33340,2.47993,23.41440,33.18850,-14.65690,0.02672,6.55528,-11.47650,-23.00540,-13.04110,125.68900,-81.60150,121.84500,-124.36100,886.66200,484.89500
343,22.49730,-16.02090,-25.55030,-37.37060,13.15520,1.73845,23.30120,33.53990,-14.73950,0.08844,6.47770,-11.38420,-23.36990,-13.10770,125.89200,-81.58410,122.32900,-123.92600,886.02600,482.19300
344,22.61940,-16.11920,-25.44190,-37.45840,12.93730,1.12057,23.39160,33.74160,-14.78550,0.13540,6.43470,-11.28280,-23.71580,-13.16060,126.26800,-81.56090,122.95000,-123.48700,885.42700,479.41500
345,22.78440,-16.19370,-25.39020,-37.52340,12.69710,0.62109,23.52920,33.64960,-14.90150,0.24150,6.45114,-11.23840,-23.94560,-13.18850,126.86600,-81.47240,123.76100,-122.85900,884.91300,476.58900
346,22.89970,-16.27790,-25.31280,-37.57970,12.43190,0.20336,23.99570,33.84500,-14.91270,0.35077,6.47223,-11.12130,-24.25740,-13.25560,127.57900,-81.44000,124.67500,-122.53100,884.41400,473.70000
347,23.02210,-16.35420,-25.25000,-37.62980,12.18000,-0.16041,24.56470,33.87630,-14.96050,0.48912,6.53797,-11.07160,-24.58050,-13.31450,128.40800,-81.36110,125.67700,-122.06400,883.96200,470.74100
348,23.12820,-16.42150,-25.16010,-37.69300,11.94930,-0.47572,25.20790,33.79790,-15.01120,0.60472,6.61281,-11.06230,-24.94740,-13.37950,129.23300,-81.26310,126.66100,-121.55200,883.57600,467.79800
349,23.28190,-16.47400,-25.25560,-37.60520,11.77680,-0.80925,25.96050,33.69890,-15.08960,0.93564,6.73734,-11.07690,-25.35950,-13.46310,130.12800,-81.17340,127.70500,-121.06400,883.17000,464.81800
350,23.31890,-16.55320,-25.03530,-37.81260,11.63320,-1.08630,26.67930,33.47010,-15.13000,0.85368,6.81223,-11.15170,-25.74780,-13.50670,130.72100,-81.05200,128.43300,-120.39500,882.83500,461.75600
351,23.41680,-16.61410,-25.04340,-37.83240,11.54740,-1.42106,27.37930,33.32520,-15.21450,1.03781,6.93778,-11.22710,-26.12440,-13.54770,131.34000,-80.94140,129.18300,-119.77000,882.46900,458.67300
352,23.44130,-16.65690,-24.96500,-37.91580,11.41680,-1.80196,27.84060,33.20170,-15.26090,1.08260,7.02151,-11.25650,-26.41370,-13.53980,131.80900,-80.83870,129.78500,-119.09300,882.15300,455.68800
353,23.44420,-16.70150,-24.85680,-37.93700,11.33080,-2.14964,28.26360,33.34070,-15.30580,1.09949,7.12051,-11.27120,-26.61090,-13.46960,132.20200,-80.73180,130.29200,-118.36500,881.87200,452.64500
354,23.47100,-16.72140,-24.80280,-37.92990,11.27430,-2.58990,28.59100,33.49160,-15.35170,1.09835,7.20294,-11.31150,-26.90810,-13.42530,132.56600,-80.64190,130.78800,-117.66400,881.58500,449.71300
355,23.44910,-16.74860,-24.69430,-37.96490,11.20340,-2.97418,28.76620,33.57110,-15.36310,1.06259,7.30875,-11.30600,-27.21840,-13.28860,132.88300,-80.56680,131.20300,-116.96500,881.35000,446.71000
356,23.46180,-16.73770,-24.68380,-37.93600,11.14160,-3.44375,28.77340,33.85600,-15.40140,1.08561,7.41559,-11.27100,-27.44020,-13.13840,133.18500,-80.49560,131.61300,-116.25900,881.11300,443.81000
357,23.41260,-16.74760,-24.47740,-37.98490,11.06920,-3.92135,28.60030,34.19750,-15.36810,0.90772,7.46424,-11.18550,-27.56600,-12.95750,133.47200,-80.45170,132.02000,-115.51000,880.90100,440.95000
358,23.41580,-16.72570,-24.43570,-37.91220,10.98200,-4.36357,28.24790,34.46350,-15.47530,0.91686,7.57239,-11.13630,-27.58980,-12.70610,133.45300,-80.34460,132.09400,-114.65200,880.71400,438.18600
359,23.36840,-16.71700,-24.24000,-37.92150,10.92100,-4.84394,27.90310,34.56470,-15.47910,0.75333,7.59239,-11.10110,-27.72670,-12.53740,133.52300,-80.29680,132.29900,-113.84900,880.49500,435.52000
360,23.33470,-16.68160,-24.25280,-37.81480,10.84250,-5.33277,27.65040,35.06120,-15.43950,0.79032,7.63326,-10.94220,-27.77000,-12.37880,133.78000,-80.31760,132.69300,-113.20300,880.24100,432.97100
361,23.23570,-16.68580,-24.05980,-37.91250,10.81010,-5.78864,27.33500,35.29900,-15.45500,0.63831,7.63477,-10.93590,-27.74660,-12.23000,133.72000,-80.24770,132.77000,-112.30700,880.03100,430.56500
362,23.16030,-16.68430,-24.06020,-37.90410,10.78620,-6.20271,27.18910,35.46230,-15.41090,0.70764,7.65434,-10.88830,-27.84090,-12.14510,133.95600,-80.24970,133.15500,-111.60000,879.73600,428.26700
363,23.08720,-16.67310,-23.98680,-37.92400,10.82800,-6.62353,26.96220,35.58710,-15.45480,0.75503,7.68158,-10.94840,-27.73690,-12.04880,134.08900,-80.15640,133.42900,-110.58000,879.47700,426.06500
364,22.99090,-16.66320,-24.04310,-37.92440,10.92170,-7.00378,27.16280,35.55110,-15.44510,0.90590,7.72804,-11.07180,-28.03900,-12.06360,134.23400,-80.12460,133.71000,-109.83300,879.18900,423.93100
365,22.88240,-16.64470,-24.04450,-37.94380,10.84090,-7.42804,26.87850,35.90490,-15.44100,1.00934,7.72159,-11.00880,-27.80400,-11.98670,134.30600,-80.07840,133.94600,-109.09200,878.92000,422.05800
366,22.78710,-16.63230,-24.05080,-37.98250,10.85090,-7.82447,26.85420,36.09950,-15.39630,1.11786,7.73051,-11.00520,-27.78370,-11.97450,134.58100,-80.06780,134.37300,-108.34900,878.63100,420.14200
367,22.71850,-16.60910,-24.10750,-38.01060,10.88080,-8.16386,26.79330,36.15160,-15.46040,1.29201,7.78014,-11.08560,-27.70160,-11.92640,134.67600,-79.97610,134.59200,-107.45400,878.37000,418.33900
368,22.69390,-16.59400,-24.24140,-38.01930,11.02430,-8.49065,26.91910,36.02930,-15.57030,1.56466,7.87206,-11.27740,-27.78390,-11.91850,134.85000,-79.86450,134.86800,-106.43800,878.08300,416.55100
369,22.63940,-16.58320,-24.27300,-38.06670,11.01440,-8.80696,26.83520,35.81570,-15.58960,1.70130,7.90342,-11.30700,-27.77020,-11.87430,135.04700,-79.82340,135.18500,-105.61500,877.80000,414.87100
370,22.56990,-16.55970,-24.30930,-38.07910,10.87230,-9.18094,26.62690,36.18930,-15.52360,1.80384,7.88017,-11.13580,-27.57970,-11.81690,135.30000,-79.86390,135.58600,-105.04700,877.49600,413.32700
371,22.53060,-16.52920,-24.33690,-38.09810,10.89130,-9.50650,26.59070,36.51140,-15.53650,1.93305,7.90801,-11.12900,-27.44130,-11.76820,135.61600,-79.82590,136.01500,-104.14800,877.21100,411.76900
372,22.46780,-16.50300,-24.29880,-38.10430,10.79750,-9.81354,26.50530,36.71350,-15.52270,1.95612,7.89482,-11.07270,-27.40740,-11.71710,135.71100,-79.82510,136.22800,-103.43200,876.96300,410.33500
373,22.40970,-16.47070,-24.28540,-38.11440,10.75720,-10.13980,26.47150,36.73440,-15.45050,1.99324,7.87085,-11.03120,-27.48140,-11.71490,136.09500,-79.85440,136.73900,-102.74700,876.68600,408.93200
374,22.37180,-16.45430,-24.23060,-38.16340,10.85190,-10.39990,26.60570,36.61920,-15.49860,2.01533,7.89452,-11.18380,-27.65350,-11.71100,136.20500,-79.78970,136.93400,-101.82300,876.45800,407.51900
375,22.29770,-16.42010,-24.13060,-38.20690,10.71540,-10.66110,26.32640,37.01240,-15.46960,1.96944,7.85390,-11.05210,-27.32220,-11.60850,136.44900,-79.76470,137.29100,-101.02100,876.26000,406.33500
376,22.23100,-16.38100,-24.05760,-38.23740,10.65090,-10.92140,26.19160,37.07740,-15.45460,1.95727,7.82822,-11.01720,-27.19570,-11.55460,136.66200,-79.73870,137.61000,-100.19600,876.05400,405.11300
377,22.16900,-16.35190,-24.00700,-38.26710,10.60330,-11.19860,26.04120,36.86740,-15.43600,1.97991,7.80174,-11.01250,-27.15780,-11.52160,136.91700,-79.71400,137.97600,-99.38670,875.81200,403.94700
378,22.09360,-16.33020,-23.96720,-38.32000,10.55130,-11.48260,25.92190,36.85120,-15.41520,2.00859,7.76438,-10.99440,-27.06480,-11.49470,137.13200,-79.69240,138.30900,-98.56470,875.56500,402.84200
379,22.02120,-16.30890,-23.91030,-38.35300,10.48410,-11.75830,25.83730,37.11940,-15.39600,2.06198,7.71532,-10.96090,-26.92490,-11.47660,137.33900,-79.67500,138.64400,-97.71520,875.30500,401.79900
380,21.96200,-16.28800,-23.88540,-38.37430,10.41850,-12.04430,25.75270,37.25000,-15.39810,2.14723,7.67669,-10.95440,-26.84390,-11.46680,137.49800,-79.65760,138.93100,-96.84440,875.02600,400.79600
381,21.89590,-16.26080,-23.89250,-38.43100,10.38330,-12.33220,25.68690,37.18750,-15.35050,2.26575,7.63873,-10.95150,-26.83220,-11.48810,137.89400,-79.66020,139.45600,-96.00080,874.74300,399.83700
382,21.86420,-16.22160,-23.92260,-38.43080,10.35100,-12.56440,25.64680,37.26570,-15.41350,2.39704,7.63800,-11.00320,-26.77460,-11.47340,137.92000,-79.62010,139.58500,-95.08120,874.51000,398.89200
383,21.85230,-16.19130,-23.96830,-38.44080,10.31710,-12.80570,25.57780,37.65650,-15.44750,2.52300,7.64706,-10.96840,-26.57020,-11.43610,138.13500,-79.60590,139.88700,-94.14620,874.28000,397.98900
384,21.84550,-16.13670,-23.96770,-38.43310,10.29590,-12.99110,25.48810,37.71030,-15.55440,2.61260,7.64736,-11.04800,-26.39410,-11.40420,138.13100,-79.53260,139.97200,-93.09740,874.08300,397.17600
385,21.86110,-16.10150,-24.00730,-38.45170,10.27580,-13.20950,25.45510,37.71970,-15.60720,2.73021,7.66388,-11.04980,-26.25490,-11.37730,138.35600,-79.51100,140.26900,-92.17060,873.85100,396.35200
386,21.89660,-16.08250,-24.06950,-38.50320,10.23650,-13.40750,25.41760,37.69280,-15.66400,2.83045,7.70228,-11.01050,-26.10790,-11.32110,138.58900,-79.50880,140.55200,-91.19750,873.60800,395.50800
387,21.90900,-16.04750,-24.08910,-38.56820,10.20640,-13.62250,25.33820,37.72910,-15.74780,2.90317,7.71168,-11.02310,-25.90460,-11.28360,138.69300,-79.46980,140.72500,-90.14470,873.37000,394.76100
388,21.91640,-16.00170,-24.01110,-38.57750,10.16700,-13.83780,25.30470,37.72040,-15.79400,2.96944,7.70928,-11.02000,-25.80980,-11.27000,138.80100,-79.46610,140.91000,-89.19090,873.14400,394.02000
389,21.87950,-15.95090,-23.99700,-38.59640,10.15250,-14.05920,25.28010,37.66730,-15.85350,3.01658,7.68395,-11.09770,-25.81170,-11.28860,138.76600,-79.44310,140.96200,-88.20910,872.94900,393.35800
390,21.82770,-15.92130,-24.00210,-38.67190,10.08840,-14.19130,25.30310,37.87800,-15.83730,3.06348,7.71559,-11.04670,-25.82450,-11.23600,138.96100,-79.47560,141.18900,-87.32370,872.81600,392.58800
391,21.76540,-15.87040,-24.02310,-38.71430,10.02790,-14.24840,25.39030,38.08130,-15.83800,3.12635,7.76270,-11.02600,-25.88680,-11.18330,139.07000,-79.49550,141.31400,-86.49220,872.76200,391.85700
392,21.67790,-15.78470,-24.01150,-38.71700,9.95666,-14.24390,25.40470,38.17090,-15.87310,3.15524,7.82272,-11.02710,-25.86770,-11.09270,139.01000,-79.47750,141.25100,-85.62140,872.80500,391.14500
393,21.59930,-15.71290,-24.03880,-38.74600,9.87247,-14.21000,25.43750,38.17190,-15.90340,3.20503,7.90965,-10.99800,-25.87540,-10.98290,139.00200,-79.47140,141.21700,-84.77160,872.87400,390.41200
394,21.50100,-15.64020,-24.05810,-38.75850,9.75824,-14.17010,25.45400,38.15650,-15.91680,3.26190,7.99012,-10.94090,-25.85990,-10.87070,139.00000,-79.46940,141.19100,-83.97940,872.94500,389.73100
395,21.39800,-15.55850,-24.10180,-38.78240,9.63370,-14.11350,25.49210,38.37690,-15.94130,3.32879,8.07739,-10.86690,-25.78260,-10.74730,138.94900,-79.46330,141.11100,-83.16480,873.02400,389.06300
396,21.28610,-15.50550,-24.16940,-38.82140,9.49124,-14.08100,25.51940,38.36250,-15.90520,3.40871,8.15691,-10.75050,-25.83840,-10.63700,139.02900,-79.51070,141.16800,-82.48130,873.06000,388.38300
397,21.15310,-15.44000,-24.32120,-38.89130,9.34729,-14.05800,25.54490,38.41530,-15.90730,3.50707,8.23044,-10.67370,-25.84770,-10.53670,138.97700,-79.52850,141.09900,-81.71040,873.12200,387.76200
398,21.01720,-15.36800,-24.38890,-38.94010,9.21490,-14.06090,25.59450,38.19980,-15.88550,3.61211,8.29211,-10.62480,-26.00820,-10.46350,138.95700,-79.55940,141.07300,-81.00830,873.15200,387.15700
399,20.90030,-15.30600,-24.51360,-38.98360,9.17449,-14.04490,25.91430,38.12810,-15.88540,3.75622,8.38117,-10.65430,-26.36610,-10.42840,138.89300,-79.59750,140.99000,-80.28650,873.17500,386.50400
400,20.75690,-15.19390,-24.45680,-38.97790,8.95135,-14.01330,25.72130,38.27500,-15.90510,3.82922,8.39838,-10.56610,-26.22260,-10.32370,138.65500,-79.59250,140.77800,-79.53460,873.23800,386.09900
401,20.62890,-15.10960,-24.55640,-38.97400,8.80111,-13.99440,25.75820,38.63750,-15.89870,3.96116,8.46237,-10.47130,-26.22770,-10.23880,138.57200,-79.62840,140.69200,-78.86080,873.26600,385.57000
402,20.52040,-15.03840,-24.67430,-39.00650,8.68111,-13.99550,25.79550,38.82740,-15.93300,4.10181,8.53020,-10.43910,-26.25490,-10.17010,138.43000,-79.63580,140.54600,-78.12510,873.28400,385.07700
403,20.42490,-14.99950,-24.79820,-39.07370,8.59012,-13.99790,25.89600,38.89190,-15.92810,4.23621,8.61107,-10.38860,-26.38320,-10.09770,138.42100,-79.67860,140.52100,-77.49530,873.25800,384.50600
404,20.31550,-14.92360,-24.92690,-39.07370,8.46983,-13.97380,25.91010,38.94550,-15.97410,4.31448,8.63415,-10.39220,-26.39140,-10.05150,138.21900,-79.66460,140.33500,-76.79020,873.29900,384.15700
405,20.23400,-14.86990,-24.96990,-39.08610,8.37708,-13.99730,25.96160,39.04600,-15.94530,4.35096,8.64493,-10.33390,-26.48250,-10.02690,138.21200,-79.72440,140.34500,-76.23780,873.27800,383.78700
406,20.17210,-14.81230,-25.06220,-39.14830,8.31041,-13.99220,25.95610,38.80440,-16.00960,4.38979,8.70098,-10.35610,-26.55820,-9.95763,138.03000,-79.71690,140.14400,-75.54530,873.27400,383.40600
407,20.14670,-14.76380,-24.91370,-39.11950,8.22926,-13.97610,25.92600,39.04000,-16.04700,4.36766,8.73327,-10.31370,-26.48270,-9.88645,137.88200,-79.72910,139.98700,-74.89860,873.27700,383.08900
408,20.08660,-14.73710,-25.01640,-39.30880,8.21915,-14.00790,26.02640,39.09780,-16.08000,4.39232,8.76571,-10.33700,-26.61050,-9.86213,137.77400,-79.75160,139.87100,-74.34970,873.25300,382.75600
409,20.04720,-14.67880,-24.89150,-39.31590,8.11824,-13.99170,25.99410,39.17430,-16.09570,4.34420,8.77503,-10.29450,-26.57870,-9.80989,137.69000,-79.76620,139.78400,-73.78900,873.27600,382.57200
410,20.00610,-14.62960,-24.86320,-39.25700,8.06826,-13.98450,25.97600,39.21950,-16.10330,4.29584,8.78084,-10.27870,-26.59410,-9.77161,137.61000,-79.79330,139.70100,-73.22810,873.28400,382.37400
411,19.94080,-14.55250,-24.90040,-39.25510,8.02745,-13.97320,25.93980,39.29100,-16.14560,4.29619,8.77820,-10.30660,-26.55490,-9.74512,137.43100,-79.78590,139.53100,-72.68960,873.30600,382.24100
412,19.92870,-14.53830,-24.84260,-39.28340,8.13028,-13.92720,26.04620,39.13220,-16.24920,4.35138,8.84620,-10.47480,-26.60680,-9.71596,137.33600,-79.70750,139.40700,-71.94280,873.34300,382.04500
413,19.82600,-14.48960,-25.02100,-39.33510,7.98932,-13.94340,25.82460,39.08890,-16.17800,4.39759,8.82440,-10.33360,-26.48440,-9.67316,137.44300,-79.78100,139.53600,-71.66120,873.33800,381.93000
414,19.74180,-14.44010,-25.03460,-39.34790,7.98117,-13.92720,25.78390,39.10770,-16.14730,4.44453,8.83025,-10.32140,-26.43320,-9.65872,137.50700,-79.80410,139.60700,-71.24830,873.36000,381.81700
415,19.66340,-14.39810,-25.06310,-39.35900,7.97379,-13.92180,25.72720,39.10260,-16.13260,4.50754,8.84129,-10.31990,-26.38520,-9.63548,137.53200,-79.81720,139.63900,-70.83710,873.37500,381.68500
416,19.58530,-14.33950,-25.01820,-39.50020,7.98134,-13.91110,25.69610,39.09080,-16.11780,4.56113,8.86082,-10.32380,-26.35870,-9.61947,137.54400,-79.83750,139.65100,-70.43060,873.39500,381.56300
417,19.51100,-14.28800,-25.08560,-39.51720,7.97356,-13.90130,25.65920,39.10400,-16.09930,4.65505,8.87842,-10.30580,-26.33250,-9.60491,137.57200,-79.86980,139.68100,-70.06620,873.41800,381.46300
418,19.43240,-14.23990,-25.15170,-39.54410,7.95559,-13.89050,25.60940,39.12610,-16.08200,4.72089,8.89399,-10.28260,-26.30010,-9.58558,137.54400,-79.90680,139.65100,-69.70220,873.43400,381.37600
419,19.33420,-14.22420,-25.33220,-39.64970,7.92747,-13.89820,25.60590,39.18440,-15.97050,4.83315,8.91155,-10.16650,-26.32390,-9.57356,137.84800,-80.00490,139.95100,-69.49930,873.43200,381.25300
420,19.27120,-14.17110,-25.31910,-39.65860,7.90635,-13.88330,25.55550,39.20860,-15.95850,4.89316,8.92975,-10.13960,-26.30750,-9.55132,137.76300,-80.04910,139.86000,-69.18170,873.45000,381.18500
421,19.21670,-14.11820,-25.37760,-39.68280,7.90750,-13.85270,25.44480,39.15450,-16.00840,4.94433,8.95100,-10.17040,-26.22120,-9.51668,137.51700,-80.04960,139.60300,-68.76320,873.48400,381.16100
422,19.15070,-14.07060,-25.42320,-39.70380,7.92250,-13.84160,25.37710,39.15170,-16.01090,4.99999,8.95288,-10.18750,-26.17230,-9.51216,137.41900,-80.06990,139.51000,-68.43350,873.51500,381.15800
423,19.08940,-14.04610,-25.47900,-39.75880,7.92740,-13.82240,25.32160,39.11590,-15.96450,5.03744,8.97636,-10.13650,-26.15100,-9.48201,137.51400,-80.12640,139.58500,-68.17330,873.52300,381.09100
424,19.03300,-14.02920,-25.48890,-39.82180,7.93675,-13.81260,25.26720,39.10050,-15.94010,5.05131,8.98113,-10.12220,-26.10960,-9.46834,137.53700,-80.15920,139.60300,-67.89150,873.53400,381.09100
425,18.99480,-14.00000,-25.49580,-39.87110,7.95647,-13.80110,25.22660,39.07410,-15.94040,5.04423,8.98430,-10.13200,-26.08850,-9.45713,137.48100,-80.18700,139.53800,-67.56420,873.54400,381.10700
426,18.96160,-13.96140,-25.48100,-39.85070,7.97457,-13.78610,25.18380,39.05070,-15.96260,5.02582,8.97105,-10.17180,-26.06100,-9.46133,137.33000,-80.19660,139.39300,-67.23040,873.57200,381.15900
427,18.93290,-13.93360,-25.47540,-39.86560,7.97297,-13.77950,25.12470,39.05620,-15.95630,5.01267,8.97009,-10.15930,-26.02480,-9.44772,137.29900,-80.22770,139.35600,-66.94580,873.57700,381.17600
428,18.90660,-13.91110,-25.50150,-39.89630,7.96346,-13.77750,25.08490,39.06550,-15.92920,5.01203,8.97006,-10.12050,-26.01480,-9.43733,137.35300,-80.27600,139.40400,-66.71010,873.57300,381.18900
429,18.89820,-13.93350,-25.40690,-39.94870,7.95367,-13.76810,25.03850,39.06810,-15.91120,4.97119,8.97290,-10.09270,-25.99530,-9.41981,137.35100,-80.31440,139.39100,-66.45410,873.57300,381.22300
430,18.88210,-13.92530,-25.41450,-39.97580,7.94008,-13.75620,24.99530,39.06290,-15.90180,4.96668,8.98126,-10.06170,-25.97800,-9.39896,137.37000,-80.35020,139.39800,-66.20410,873.57400,381.24900
431,18.86730,-13.90510,-25.41530,-39.99800,7.93324,-13.73960,24.94980,39.04550,-15.90030,4.96001,8.99038,-10.04440,-25.93950,-9.37804,137.39900,-80.37070,139.41400,-65.93410,873.57800,381.29200
432,18.84280,-13.89420,-25.41930,-40.04280,7.91863,-13.72580,24.93270,39.03580,-15.86200,4.95560,8.99643,-9.99843,-25.93350,-9.36267,137.54300,-80.41000,139.54600,-65.73590,873.57900,381.32100
433,18.83190,-13.90610,-25.44730,-40.11810,7.89695,-13.71300,24.91160,39.02580,-15.81200,4.96598,9.02106,-9.91612,-25.93340,-9.32968,137.76900,-80.46710,139.74700,-65.56790,873.56500,381.31000
434,18.79430,-13.90560,-25.53850,-40.15010,7.89196,-13.72520,24.93750,39.07090,-15.75670,4.97519,9.00064,-9.87991,-25.96050,-9.35001,137.96800,-80.51390,139.95500,-65.40990,873.55700,381.37100
435,18.79900,-13.88210,-25.40970,-40.15570,7.89481,-13.69090,24.88490,39.01000,-15.79030,4.92952,9.00111,-9.90688,-25.90350,-9.33352,137.86400,-80.50800,139.83800,-65.09320,873.57500,381.50700
436,18.79680,-13.89490,-25.46740,-40.20920,7.86121,-13.68650,24.82430,39.01310,-15.73590,4.98606,9.04035,-9.79800,-25.84570,-9.28296,138.22800,-80.55530,140.17500,-64.91560,873.54600,381.43800
437,18.79720,-13.89250,-25.49230,-40.23520,7.83946,-13.68360,24.77320,39.00570,-15.72730,5.00617,9.05161,-9.75677,-25.79390,-9.25925,138.36000,-80.57640,140.29600,-64.68810,873.53200,381.48400
438,18.79610,-13.88760,-25.50400,-40.26990,7.81805,-13.68040,24.72150,39.03430,-15.71170,5.02296,9.05979,-9.71250,-25.74040,-9.23807,138.52700,-80.59670,140.45300,-64.46730,873.52100,381.53100
439,18.79580,-13.89210,-25.51580,-40.30030,7.78559,-13.67120,24.68500,39.05840,-15.69500,5.03058,9.07454,-9.65625,-25.69210,-9.21206,138.68600,-80.62170,140.59700,-64.25260,873.51200,381.55900
440,18.78730,-13.88250,-25.48100,-40.31790,7.77947,-13.67660,24.67860,39.04700,-15.69080,4.99794,9.04830,-9.66551,-25.70160,-9.22576,138.72300,-80.63270,140.64500,-64.03420,873.51200,381.67700
,,,,,,,,,,,,,,,,,,,,
,,,,,,,,,,,,,,,,,,,,
,,,,,,,,,,,,,,,,,,,,
,,,,,,,,,,,,,,,,,,,,
,,,,,,,,,,,,,,,,,,,,
,,,,,,,,,,,,,,,,,,,,
,,,,,,,,,,,,,,,,,,,,
,,,,,,,,,,,,,,,,,,,,
,,,,,,,,,,,,,,,,,,,,
,,,,,,,,,,,,,,,,,,,,
,,,,,,,,,,,,,,,,,,,,
,,,,,,,,,,,,,,,,,,,,
,,,,,,,,,,,,,,,,,,,,
,,,,,,,,,,,,,,,,,,,,
,,,,,,,,,,,,,,,,,,,,
,,,,,,,,,,,,,,,,,,,,
,,,,,,,,,,,,,,,,,,,,
,,,,,,,,,,,,,,,,,,,,
,,,,,,,,,,,,,,,,,,,,
,,,,,,,,,,,,,,,,,,,,
,,,,,,,,,,,,,,,,,,,,
,,,,,,,,,,,,,,,,,,,,
,,,,,,,,,,,,,,,,,,,,
,,,,,,,,,,,,,,,,,,,,
,,,,,,,,,,,,,,,,,,,,
,,,,,,,,,,,,,,,,,,,,
,,,,,,,,,,,,,,,,,,,,
,,,,,,,,,,,,,,,,,,,,
,,,,,,,,,,,,,,,,,,,,
,,,,,,,,,,,,,,,,,,,,
,,,,,,,,,,,,,,,,,,,,
,,,,,,,,,,,,,,,,,,,,
,,,,,,,,,,,,,,,,,,,,
,,,,,,,,,,,,,,,,,,,,
,,,,,,,,,,,,,,,,,,,,
,,,,,,,,,,,,,,,,,,,,
,,,,,,,,,,,,,,,,,,,,
,,,,,,,,,,,,,,,,,,,,
,,,,,,,,,,,,,,,,,,,,
,,,,,,,,,,,,,,,,,,,,
,,,,,,,,,,,,,,,,,,,,
,,,,,,,,,,,,,,,,,,,,
,,,,,,,,,,,,,,,,,,,,
,,,,,,,,,,,,,,,,,,,,
,,,,,,,,,,,,,,,,,,,,
,,,,,,,,,,,,,,,,,,,,
,,,,,,,,,,,,,,,,,,,,
,,,,,,,,,,,,,,,,,,,,
,,,,,,,,,,,,,,,,,,,,
,,,,,,,,,,,,,,,,,,,,
,,,,,,,,,,,,,,,,,,,,
,,,,,,,,,,,,,,,,,,,,
,,,,,,,,,,,,,,,,,,,,
,,,,,,,,,,,,,,,,,,,,
,,,,,,,,,,,,,,,,,,,,
,,,,,,,,,,,,,,,,,,,,
,,,,,,,,,,,,,,,,,,,,
,,,,,,,,,,,,,,,,,,,,
,,,,,,,,,,,,,,,,,,,,
,,,,,,,,,,,,,,,,,,,,
,,,,,,,,,,,,,,,,,,,,
,,,,,,,,,,,,,,,,,,,,
,,,,,,,,,,,,,,,,,,,,
,,,,,,,,,,,,,,,,,,,,
,,,,,,,,,,,,,,,,,,,,
,,,,,,,,,,,,,,,,,,,,
,,,,,,,,,,,,,,,,,,,,
,,,,,,,,,,,,,,,,,,,,
,,,,,,,,,,,,,,,,,,,,
,,,,,,,,,,,,,,,,,,,,
,,,,,,,,,,,,,,,,,,,,
,,,,,,,,,,,,,,,,,,,,
,,,,,,,,,,,,,,,,,,,,
,,,,,,,,,,,,,,,,,,,,
,,,,,,,,,,,,,,,,,,,,
,,,,,,,,,,,,,,,,,,,,
,,,,,,,,,,,,,,,,,,,,
,,,,,,,,,,,,,,,,,,,,
,,,,,,,,,,,,,,,,,,,,
,,,,,,,,,,,,,,,,,,,,
,,,,,,,,,,,,,,,,,,,,
,,,,,,,,,,,,,,,,,,,,
,,,,,,,,,,,,,,,,,,,,
,,,,,,,,,,,,,,,,,,,,
,,,,,,,,,,,,,,,,,,,,
,,,,,,,,,,,,,,,,,,,,
,,,,,,,,,,,,,,,,,,,,
,,,,,,,,,,,,,,,,,,,,
,,,,,,,,,,,,,,,,,,,,
,,,,,,,,,,,,,,,,,,,,
,,,,,,,,,,,,,,,,,,,,
,,,,,,,,,,,,,,,,,,,,
,,,,,,,,,,,,,,,,,,,,
,,,,,,,,,,,,,,,,,,,,
,,,,,,,,,,,,,,,,,,,,
,,,,,,,,,,,,,,,,,,,,
,,,,,,,,,,,,,,,,,,,,
,,,,,,,,,,,,,,,,,,,,
,,,,,,,,,,,,,,,,,,,,
,,,,,,,,,,,,,,,,,,,,
,,,,,,,,,,,,,,,,,,,,
,,,,,,,,,,,,,,,,,,,,
,,,,,,,,,,,,,,,,,,,,
,,,,,,,,,,,,,,,,,,,,
,,,,,,,,,,,,,,,,,,,,
,,,,,,,,,,,,,,,,,,,,
,,,,,,,,,,,,,,,,,,,,
,,,,,,,,,,,,,,,,,,,,
,,,,,,,,,,,,,,,,,,,,
,,,,,,,,,,,,,,,,,,,,
,,,,,,,,,,,,,,,,,,,,
,,,,,,,,,,,,,,,,,,,,
,,,,,,,,,,,,,,,,,,,,
,,,,,,,,,,,,,,,,,,,,
,,,,,,,,,,,,,,,,,,,,
,,,,,,,,,,,,,,,,,,,,
,,,,,,,,,,,,,,,,,,,,
,,,,,,,,,,,,,,,,,,,,
,,,,,,,,,,,,,,,,,,,,
,,,,,,,,,,,,,,,,,,,,
,,,,,,,,,,,,,,,,,,,,
,,,,,,,,,,,,,,,,,,,,
,,,,,,,,,,,,,,,,,,,,
,,,,,,,,,,,,,,,,,,,,
,,,,,,,,,,,,,,,,,,,,